"","Phylum","Subphylum","Superclass","Class","Subclass","Infraclass","Superorder","Order","Suborder","Infraorder","Superfamily","Family","Subfamily","Custom.Subfamily","Tribe","Genus.Group","Subtribe","Genus","Species.Group","Subgenus","Species","Subspecies","Coarse_STE","Coarse_STE_rank"
"1","Porifera","ZZZ","ZZZ","Demospongiae","ZZZ","ZZZ","ZZZ","Hadromerida","ZZZ","ZZZ","ZZZ","Suberitidae","ZZZ","ZZZ","ZZZ","ZZZ","ZZZ","Aaptos","ZZZ","ZZZ","ZZZ","ZZZ","Aaptos","Genus"
"4","Arthropoda","Chelicerata","ZZZ","Arachnida","Acari","ZZZ","ZZZ","ZZZ","ZZZ","ZZZ","ZZZ","ZZZ","ZZZ","ZZZ","ZZZ","ZZZ","ZZZ","ZZZ","ZZZ","ZZZ","ZZZ","ZZZ","Acari","Subclass"
"5","Arthropoda","Chelicerata","ZZZ","Arachnida","Acari","ZZZ","ZZZ","ZZZ","ZZZ","ZZZ","ZZZ","ZZZ","ZZZ","ZZZ","ZZZ","ZZZ","ZZZ","ZZZ","ZZZ","ZZZ","ZZZ","ZZZ","Acari","Subclass"
"6","Arthropoda","Chelicerata","ZZZ","Arachnida","Acari","ZZZ","ZZZ","ZZZ","ZZZ","ZZZ","ZZZ","ZZZ","ZZZ","ZZZ","ZZZ","ZZZ","ZZZ","ZZZ","ZZZ","ZZZ","ZZZ","ZZZ","Acari","Subclass"
"7","Arthropoda","Hexapoda","ZZZ","Insecta","Pterygota","Palaeoptera","ZZZ","Ephemeroptera","Pisciforma","ZZZ","ZZZ","Baetidae","ZZZ","ZZZ","ZZZ","ZZZ","ZZZ","Acentrella","ZZZ","ZZZ","ZZZ","ZZZ","Acentrella","Genus"
"8","Arthropoda","Hexapoda","ZZZ","Insecta","Pterygota","Palaeoptera","ZZZ","Ephemeroptera","Pisciforma","ZZZ","ZZZ","Baetidae","ZZZ","ZZZ","ZZZ","ZZZ","ZZZ","Acentrella","ZZZ","ZZZ","insignificans","ZZZ","Acentrella insignificans","Species"
"9","Arthropoda","Hexapoda","ZZZ","Insecta","Pterygota","Palaeoptera","ZZZ","Ephemeroptera","Pisciforma","ZZZ","ZZZ","Baetidae","ZZZ","ZZZ","ZZZ","ZZZ","ZZZ","Acentrella","ZZZ","ZZZ","turbida","ZZZ","Acentrella turbida","Species"
"10","Arthropoda","Hexapoda","ZZZ","Insecta","Pterygota","Palaeoptera","ZZZ","Ephemeroptera","Pisciforma","ZZZ","ZZZ","Baetidae","ZZZ","ZZZ","ZZZ","ZZZ","ZZZ","Acerpenna","ZZZ","ZZZ","pygmaea","ZZZ","Acerpenna pygmaea","Species"
"23","Arthropoda","Hexapoda","ZZZ","Insecta","Pterygota","Neoptera","ZZZ","Coleoptera","Adephaga","ZZZ","ZZZ","Dytiscidae","Agabinae","ZZZ","ZZZ","ZZZ","ZZZ","ZZZ","ZZZ","ZZZ","ZZZ","ZZZ","Dytiscidae","Family"
"24","Arthropoda","Hexapoda","ZZZ","Insecta","Pterygota","Neoptera","ZZZ","Coleoptera","Adephaga","ZZZ","ZZZ","Dytiscidae","Agabinae","ZZZ","ZZZ","ZZZ","ZZZ","ZZZ","ZZZ","ZZZ","ZZZ","ZZZ","Dytiscidae","Family"
"25","Arthropoda","Hexapoda","ZZZ","Insecta","Pterygota","Neoptera","ZZZ","Coleoptera","Adephaga","ZZZ","ZZZ","Dytiscidae","Agabinae","ZZZ","ZZZ","ZZZ","ZZZ","ZZZ","ZZZ","ZZZ","ZZZ","ZZZ","Dytiscidae","Family"
"26","Arthropoda","Hexapoda","ZZZ","Insecta","Pterygota","Neoptera","ZZZ","Coleoptera","Adephaga","ZZZ","ZZZ","Dytiscidae","Agabinae","ZZZ","ZZZ","ZZZ","ZZZ","ZZZ","ZZZ","ZZZ","ZZZ","ZZZ","Dytiscidae","Family"
"27","Arthropoda","Hexapoda","ZZZ","Insecta","Pterygota","Neoptera","ZZZ","Coleoptera","Adephaga","ZZZ","ZZZ","Dytiscidae","Agabinae","ZZZ","Agabini","ZZZ","ZZZ","Agabinus","ZZZ","ZZZ","ZZZ","ZZZ","Dytiscidae","Family"
"28","Arthropoda","Hexapoda","ZZZ","Insecta","Pterygota","Neoptera","ZZZ","Coleoptera","Adephaga","ZZZ","ZZZ","Dytiscidae","Agabinae","ZZZ","Agabini","ZZZ","ZZZ","Agabus","ZZZ","ZZZ","ZZZ","ZZZ","Dytiscidae","Family"
"31","Arthropoda","Hexapoda","ZZZ","Insecta","Pterygota","Neoptera","ZZZ","Trichoptera","ZZZ","ZZZ","Hydroptiloidea","Hydroptilidae","Hydroptilinae","ZZZ","Hydroptilini","ZZZ","ZZZ","Agraylea","ZZZ","ZZZ","ZZZ","ZZZ","Agraylea","Genus"
"32","Arthropoda","Chelicerata","ZZZ","Arachnida","Acari","ZZZ","Acariformes","Trombidiformes","Prostigmata","ZZZ","ZZZ","Axonopsidae","ZZZ","ZZZ","ZZZ","ZZZ","ZZZ","Albia","ZZZ","ZZZ","ZZZ","ZZZ","Acari","Subclass"
"46","Arthropoda","Hexapoda","ZZZ","Insecta","Pterygota","Neoptera","ZZZ","Coleoptera","Polyphaga","Staphyliniformia","Hydrophiloidea","Hydrophilidae","Hydrophilinae","ZZZ","Sperchopsini","ZZZ","ZZZ","Ametor","ZZZ","ZZZ","ZZZ","ZZZ","Ametor","Genus"
"47","Arthropoda","Hexapoda","ZZZ","Insecta","Pterygota","Neoptera","ZZZ","Coleoptera","Polyphaga","Staphyliniformia","Hydrophiloidea","Hydrophilidae","Hydrophilinae","ZZZ","Sperchopsini","ZZZ","ZZZ","Ametor","ZZZ","ZZZ","ZZZ","ZZZ","Ametor","Genus"
"52","Arthropoda","Hexapoda","ZZZ","Insecta","Pterygota","Neoptera","ZZZ","Coleoptera","Adephaga","ZZZ","ZZZ","Amphizoidae","ZZZ","ZZZ","ZZZ","ZZZ","ZZZ","Amphizoa","ZZZ","ZZZ","ZZZ","ZZZ","Amphizoa","Genus"
"55","Arthropoda","Hexapoda","ZZZ","Insecta","Pterygota","Neoptera","ZZZ","Coleoptera","Polyphaga","Staphyliniformia","Hydrophiloidea","Hydrophilidae","Hydrophilinae","ZZZ","Anacaenini","ZZZ","ZZZ","Anacaena","ZZZ","ZZZ","ZZZ","ZZZ","Anacaena","Genus"
"56","Arthropoda","Hexapoda","ZZZ","Insecta","Pterygota","ZZZ","ZZZ","Ephemeroptera","Pisciforma","ZZZ","ZZZ","Baetidae","ZZZ","ZZZ","ZZZ","ZZZ","ZZZ","Anafroptilum/Procloeon","ZZZ","ZZZ","ZZZ","ZZZ","Anafroptilum/Procloeon","Genus"
"57","Arthropoda","Hexapoda","ZZZ","Insecta","Pterygota","ZZZ","ZZZ","Ephemeroptera","Pisciforma","ZZZ","ZZZ","Baetidae","ZZZ","ZZZ","ZZZ","ZZZ","ZZZ","Anafroptilum/Procloeon","ZZZ","ZZZ","ZZZ","ZZZ","Anafroptilum/Procloeon","Genus"
"58","Arthropoda","Hexapoda","ZZZ","Insecta","Pterygota","ZZZ","ZZZ","Ephemeroptera","Pisciforma","ZZZ","ZZZ","Baetidae","ZZZ","ZZZ","ZZZ","ZZZ","ZZZ","Anafroptilum/Procloeon","ZZZ","ZZZ","ZZZ","ZZZ","Anafroptilum/Procloeon","Genus"
"59","Arthropoda","Hexapoda","ZZZ","Insecta","Pterygota","ZZZ","ZZZ","Ephemeroptera","Pisciforma","ZZZ","ZZZ","Baetidae","ZZZ","ZZZ","ZZZ","ZZZ","ZZZ","Anafroptilum/Procloeon","ZZZ","ZZZ","ZZZ","ZZZ","Anafroptilum/Procloeon","Genus"
"60","Arthropoda","Hexapoda","ZZZ","Insecta","Pterygota","ZZZ","ZZZ","Ephemeroptera","Pisciforma","ZZZ","ZZZ","Baetidae","ZZZ","ZZZ","ZZZ","ZZZ","ZZZ","Anafroptilum/Procloeon","ZZZ","ZZZ","ZZZ","ZZZ","Anafroptilum/Procloeon","Genus"
"61","Arthropoda","Hexapoda","ZZZ","Insecta","Pterygota","ZZZ","ZZZ","Ephemeroptera","Pisciforma","ZZZ","ZZZ","Baetidae","ZZZ","ZZZ","ZZZ","ZZZ","ZZZ","Anafroptilum/Procloeon","ZZZ","ZZZ","ZZZ","ZZZ","Anafroptilum/Procloeon","Genus"
"68","Arthropoda","Hexapoda","ZZZ","Insecta","Pterygota","Palaeoptera","ZZZ","Odonata","Anisoptera","ZZZ","ZZZ","ZZZ","ZZZ","ZZZ","ZZZ","ZZZ","ZZZ","ZZZ","ZZZ","ZZZ","ZZZ","ZZZ","Anisoptera","Suborder"
"74","Arthropoda","Hexapoda","ZZZ","Insecta","Pterygota","Neoptera","ZZZ","Trichoptera","ZZZ","ZZZ","Limnephiloidea","Apataniidae","ZZZ","ZZZ","ZZZ","ZZZ","ZZZ","ZZZ","ZZZ","ZZZ","ZZZ","ZZZ","Apataniidae","Family"
"79","Arthropoda","Chelicerata","ZZZ","Arachnida","ZZZ","ZZZ","ZZZ","ZZZ","ZZZ","ZZZ","ZZZ","ZZZ","ZZZ","ZZZ","ZZZ","ZZZ","ZZZ","ZZZ","ZZZ","ZZZ","ZZZ","ZZZ","Arachnida","Class"
"80","Arthropoda","Hexapoda","ZZZ","Insecta","Pterygota","Neoptera","ZZZ","Coleoptera","Polyphaga","Elateriformia","Byrrhoidea","Ptilodactylidae","Araeopidiinae","ZZZ","ZZZ","ZZZ","ZZZ","Araeopidius","ZZZ","ZZZ","monachus","ZZZ","Araeopidius monachus","Species"
"81","Arthropoda","Hexapoda","ZZZ","Insecta","Pterygota","Palaeoptera","ZZZ","Odonata","Zygoptera","ZZZ","ZZZ","Lestidae","ZZZ","ZZZ","ZZZ","ZZZ","ZZZ","Archilestes","ZZZ","ZZZ","ZZZ","ZZZ","Archilestes","Genus"
"87","Arthropoda","Chelicerata","ZZZ","Arachnida","Acari","ZZZ","Acariformes","Trombidiformes","Prostigmata","ZZZ","ZZZ","Arrenuridae","ZZZ","ZZZ","ZZZ","ZZZ","ZZZ","ZZZ","ZZZ","ZZZ","ZZZ","ZZZ","Acari","Subclass"
"88","Arthropoda","Chelicerata","ZZZ","Arachnida","Acari","ZZZ","Acariformes","Trombidiformes","Prostigmata","ZZZ","ZZZ","Arrenuridae","ZZZ","ZZZ","ZZZ","ZZZ","ZZZ","Arrenurus","ZZZ","ZZZ","ZZZ","ZZZ","Acari","Subclass"
"91","Arthropoda","Hexapoda","ZZZ","Insecta","Pterygota","ZZZ","ZZZ","Ephemeroptera","Furcatergalia","ZZZ","ZZZ","Leptohyphidae","ZZZ","ZZZ","ZZZ","ZZZ","ZZZ","Asioplax","ZZZ","ZZZ","ZZZ","ZZZ","Asioplax","Genus"
"94","Arthropoda","Chelicerata","ZZZ","Arachnida","Acari","ZZZ","Acariformes","Trombidiformes","Prostigmata","ZZZ","ZZZ","Athienemanniidae","ZZZ","ZZZ","ZZZ","ZZZ","ZZZ","ZZZ","ZZZ","ZZZ","ZZZ","ZZZ","Acari","Subclass"
"96","Arthropoda","Chelicerata","ZZZ","Arachnida","Acari","ZZZ","Acariformes","Trombidiformes","Prostigmata","ZZZ","ZZZ","Hygrobatidae","ZZZ","ZZZ","ZZZ","ZZZ","ZZZ","Atractides","ZZZ","ZZZ","ZZZ","ZZZ","Acari","Subclass"
"97","Arthropoda","Chelicerata","ZZZ","Arachnida","Acari","ZZZ","Acariformes","Trombidiformes","Prostigmata","ZZZ","ZZZ","Hygrobatidae","ZZZ","ZZZ","ZZZ","ZZZ","ZZZ","Atractides","ZZZ","ZZZ","ZZZ","ZZZ","Acari","Subclass"
"101","Arthropoda","Chelicerata","ZZZ","Arachnida","Acari","ZZZ","Acariformes","Trombidiformes","Prostigmata","ZZZ","ZZZ","Aturidae","ZZZ","ZZZ","ZZZ","ZZZ","ZZZ","ZZZ","ZZZ","ZZZ","ZZZ","ZZZ","Acari","Subclass"
"102","Arthropoda","Chelicerata","ZZZ","Arachnida","Acari","ZZZ","Acariformes","Trombidiformes","Prostigmata","ZZZ","ZZZ","Aturidae","ZZZ","ZZZ","ZZZ","ZZZ","ZZZ","Aturus","ZZZ","ZZZ","ZZZ","ZZZ","Acari","Subclass"
"106","Arthropoda","Hexapoda","ZZZ","Insecta","Pterygota","Neoptera","ZZZ","Coleoptera","Polyphaga","Cucujiformia","Chrysomeloidea","Chrysomelidae","Cryptocephalinae","ZZZ","Clytrini","ZZZ","ZZZ","Babia","ZZZ","ZZZ","ZZZ","ZZZ","Babia","Genus"
"107","Arthropoda","Hexapoda","ZZZ","Insecta","Pterygota","Palaeoptera","ZZZ","Ephemeroptera","Pisciforma","ZZZ","ZZZ","Baetidae","ZZZ","ZZZ","ZZZ","ZZZ","ZZZ","ZZZ","ZZZ","ZZZ","ZZZ","ZZZ","Baetidae","Family"
"118","Arthropoda","Hexapoda","ZZZ","Insecta","Pterygota","ZZZ","ZZZ","Ephemeroptera","Pisciforma","ZZZ","ZZZ","Baetidae","ZZZ","ZZZ","ZZZ","ZZZ","ZZZ","Baetodes","ZZZ","ZZZ","ZZZ","ZZZ","Baetodes","Genus"
"119","Arthropoda","Hexapoda","ZZZ","Insecta","Pterygota","Palaeoptera","ZZZ","Ephemeroptera","Pisciforma","ZZZ","ZZZ","Baetidae","ZZZ","ZZZ","ZZZ","ZZZ","ZZZ","Baetopus","ZZZ","ZZZ","trishae","ZZZ","Baetopus trishae","Species"
"120","Arthropoda","Chelicerata","ZZZ","Arachnida","Acari","ZZZ","Acariformes","Trombidiformes","Prostigmata","ZZZ","ZZZ","Anisitsiellidae","ZZZ","ZZZ","ZZZ","ZZZ","ZZZ","Bandakiopsis","ZZZ","ZZZ","ZZZ","ZZZ","Acari","Subclass"
"121","Arthropoda","Hexapoda","ZZZ","Insecta","Pterygota","Neoptera","ZZZ","Hemiptera","Heteroptera","Nepomorpha","Nepoidea","Belostomatidae","Belostomatinae","ZZZ","ZZZ","ZZZ","ZZZ","Belostoma","ZZZ","ZZZ","ZZZ","ZZZ","Belostoma","Genus"
"122","Arthropoda","Hexapoda","ZZZ","Insecta","Pterygota","Neoptera","ZZZ","Coleoptera","Polyphaga","Staphyliniformia","Hydrophiloidea","Hydrophilidae","Hydrophilinae","ZZZ","Berosini","ZZZ","ZZZ","Berosus","ZZZ","ZZZ","ZZZ","ZZZ","Berosus","Genus"
"126","Mollusca","ZZZ","ZZZ","Bivalvia","ZZZ","ZZZ","ZZZ","ZZZ","ZZZ","ZZZ","ZZZ","ZZZ","ZZZ","ZZZ","ZZZ","ZZZ","ZZZ","ZZZ","ZZZ","ZZZ","ZZZ","ZZZ","Bivalvia","Class"
"133","Arthropoda","Hexapoda","ZZZ","Insecta","Pterygota","Neoptera","ZZZ","Coleoptera","Adephaga","ZZZ","ZZZ","Dytiscidae","Hydroporinae","ZZZ","Hydroporini","ZZZ","ZZZ","Boreonectes","ZZZ","ZZZ","ZZZ","ZZZ","Dytiscidae","Family"
"135","Arthropoda","Hexapoda","ZZZ","Insecta","Pterygota","Neoptera","ZZZ","Coleoptera","Adephaga","ZZZ","ZZZ","Carabidae","ZZZ","ZZZ","ZZZ","ZZZ","ZZZ","Brachinus","ZZZ","ZZZ","americanus","ZZZ","Brachinus americanus","Species"
"144","Arthropoda","Chelicerata","ZZZ","Arachnida","Acari","ZZZ","Acariformes","Trombidiformes","Prostigmata","ZZZ","ZZZ","Axonopsidae","ZZZ","ZZZ","ZZZ","ZZZ","ZZZ","Brachypoda","ZZZ","ZZZ","ZZZ","ZZZ","Acari","Subclass"
"166","Arthropoda","Hexapoda","ZZZ","Insecta","Pterygota","Palaeoptera","ZZZ","Odonata","Zygoptera","ZZZ","ZZZ","Calopterygidae","ZZZ","ZZZ","ZZZ","ZZZ","ZZZ","ZZZ","ZZZ","ZZZ","ZZZ","ZZZ","Calopterygidae","Family"
"169","Arthropoda","Hexapoda","ZZZ","Insecta","Pterygota","Palaeoptera","ZZZ","Ephemeroptera","Pisciforma","ZZZ","ZZZ","Baetidae","ZZZ","ZZZ","ZZZ","ZZZ","ZZZ","Camelobaetidius","ZZZ","ZZZ","ZZZ","ZZZ","Camelobaetidius","Genus"
"171","Arthropoda","Hexapoda","ZZZ","Insecta","Pterygota","Neoptera","ZZZ","Plecoptera","Euholognatha","ZZZ","ZZZ","Capniidae","ZZZ","ZZZ","ZZZ","ZZZ","ZZZ","ZZZ","ZZZ","ZZZ","ZZZ","ZZZ","Capniidae","Family"
"172","Arthropoda","Hexapoda","ZZZ","Insecta","Pterygota","Neoptera","ZZZ","Plecoptera","Euholognatha","ZZZ","ZZZ","Capniidae","ZZZ","ZZZ","ZZZ","ZZZ","ZZZ","ZZZ","ZZZ","ZZZ","ZZZ","ZZZ","Capniidae","Family"
"173","Arthropoda","Hexapoda","ZZZ","Insecta","Pterygota","Neoptera","ZZZ","Plecoptera","Euholognatha","ZZZ","ZZZ","Capniidae","ZZZ","ZZZ","ZZZ","ZZZ","ZZZ","ZZZ","ZZZ","ZZZ","ZZZ","ZZZ","Capniidae","Family"
"174","Arthropoda","Hexapoda","ZZZ","Insecta","Pterygota","Neoptera","ZZZ","Plecoptera","Euholognatha","ZZZ","ZZZ","Capniidae","ZZZ","ZZZ","ZZZ","ZZZ","ZZZ","ZZZ","ZZZ","ZZZ","ZZZ","ZZZ","Capniidae","Family"
"175","Arthropoda","Hexapoda","ZZZ","Insecta","Pterygota","Neoptera","ZZZ","Plecoptera","Euholognatha","ZZZ","ZZZ","Capniidae","ZZZ","ZZZ","ZZZ","ZZZ","ZZZ","ZZZ","ZZZ","ZZZ","ZZZ","ZZZ","Capniidae","Family"
"205","Mollusca","ZZZ","ZZZ","Bivalvia","Heterodonta","ZZZ","ZZZ","Veneroida","ZZZ","ZZZ","Chamoidea","Chamidae","ZZZ","ZZZ","ZZZ","ZZZ","ZZZ","Chama","ZZZ","ZZZ","ZZZ","ZZZ","Chama","Genus"
"213","Arthropoda","Chelicerata","ZZZ","Arachnida","Acari","ZZZ","Acariformes","Trombidiformes","Prostigmata","ZZZ","ZZZ","Athienemanniidae","ZZZ","ZZZ","ZZZ","ZZZ","ZZZ","Chelomideopsis","ZZZ","ZZZ","ZZZ","ZZZ","Acari","Subclass"
"222","Mollusca","ZZZ","ZZZ","Bivalvia","Pteriomorphia","ZZZ","ZZZ","Ostreoida","ZZZ","ZZZ","ZZZ","Pectinidae","ZZZ","ZZZ","ZZZ","ZZZ","ZZZ","Chlamys","ZZZ","ZZZ","ZZZ","ZZZ","Chlamys","Genus"
"234","Arthropoda","Hexapoda","ZZZ","Insecta","Pterygota","Neoptera","ZZZ","Hemiptera","Sternorrhyncha","ZZZ","Aphidoidea","Aphididae","ZZZ","ZZZ","ZZZ","ZZZ","ZZZ","Cinara","ZZZ","ZZZ","ZZZ","ZZZ","Cinara","Genus"
"247","Arthropoda","Hexapoda","ZZZ","Insecta","Pterygota","Neoptera","ZZZ","Coleoptera","Adephaga","ZZZ","ZZZ","Rhysodidae","ZZZ","ZZZ","ZZZ","ZZZ","ZZZ","Clinidium","ZZZ","ZZZ","ZZZ","ZZZ","Clinidium","Genus"
"260","Arthropoda","Hexapoda","ZZZ","Insecta","Pterygota","Neoptera","ZZZ","Coleoptera","ZZZ","ZZZ","ZZZ","ZZZ","ZZZ","ZZZ","ZZZ","ZZZ","ZZZ","ZZZ","ZZZ","ZZZ","ZZZ","ZZZ","Coleoptera","Order"
"262","Arthropoda","Hexapoda","ZZZ","Insecta","Pterygota","Neoptera","ZZZ","Coleoptera","Adephaga","ZZZ","ZZZ","Dytiscidae","Colymbetinae","ZZZ","ZZZ","ZZZ","ZZZ","ZZZ","ZZZ","ZZZ","ZZZ","ZZZ","Dytiscidae","Family"
"263","Arthropoda","Hexapoda","ZZZ","Insecta","Pterygota","Neoptera","ZZZ","Coleoptera","Adephaga","ZZZ","ZZZ","Dytiscidae","Colymbetinae","ZZZ","ZZZ","ZZZ","ZZZ","ZZZ","ZZZ","ZZZ","ZZZ","ZZZ","Dytiscidae","Family"
"267","Arthropoda","Hexapoda","ZZZ","Insecta","Pterygota","ZZZ","ZZZ","Coleoptera","Adephaga","ZZZ","ZZZ","Dytiscidae","Copelatinae","ZZZ","ZZZ","ZZZ","ZZZ","ZZZ","ZZZ","ZZZ","ZZZ","ZZZ","Dytiscidae","Family"
"269","Arthropoda","Hexapoda","ZZZ","Insecta","Pterygota","Neoptera","ZZZ","Coleoptera","Adephaga","ZZZ","ZZZ","Dytiscidae","Coptotiminae","ZZZ","Coptotimini","ZZZ","ZZZ","Coptotomus","ZZZ","ZZZ","ZZZ","ZZZ","Dytiscidae","Family"
"270","Mollusca","ZZZ","ZZZ","Bivalvia","Heterodonta","ZZZ","ZZZ","Veneroida","ZZZ","ZZZ","Corbiculoidea","Corbiculidae","ZZZ","ZZZ","ZZZ","ZZZ","ZZZ","Corbicula","ZZZ","ZZZ","ZZZ","ZZZ","Corbicula","Genus"
"271","Mollusca","ZZZ","ZZZ","Bivalvia","Heterodonta","ZZZ","ZZZ","Veneroida","ZZZ","ZZZ","Corbiculoidea","Corbiculidae","ZZZ","ZZZ","ZZZ","ZZZ","ZZZ","Corbicula","ZZZ","ZZZ","ZZZ","ZZZ","Corbicula","Genus"
"272","Mollusca","ZZZ","ZZZ","Bivalvia","Heterodonta","ZZZ","ZZZ","Veneroida","ZZZ","ZZZ","Corbiculoidea","ZZZ","ZZZ","ZZZ","ZZZ","ZZZ","ZZZ","ZZZ","ZZZ","ZZZ","ZZZ","ZZZ","Corbiculoidea","Superfamily"
"275","Arthropoda","Hexapoda","ZZZ","Insecta","Pterygota","Palaeoptera","ZZZ","Odonata","Anisoptera","ZZZ","ZZZ","Cordulegastridae","ZZZ","ZZZ","ZZZ","ZZZ","ZZZ","ZZZ","ZZZ","ZZZ","ZZZ","ZZZ","Cordulegastridae","Family"
"303","Arthropoda","Hexapoda","ZZZ","Insecta","Pterygota","Neoptera","ZZZ","Coleoptera","Polyphaga","Cucujiformia","Curculionoidea","Curculionidae","ZZZ","ZZZ","ZZZ","ZZZ","ZZZ","ZZZ","ZZZ","ZZZ","ZZZ","ZZZ","Curculionidae","Family"
"304","Arthropoda","Hexapoda","ZZZ","Insecta","Pterygota","Neoptera","ZZZ","Coleoptera","Polyphaga","Staphyliniformia","Hydrophiloidea","Hydrophilidae","Hydrophilinae","ZZZ","Hydrophilini","ZZZ","ZZZ","Cymbiodyta","ZZZ","ZZZ","ZZZ","ZZZ","Cymbiodyta","Genus"
"360","Arthropoda","Hexapoda","ZZZ","Insecta","Pterygota","Neoptera","ZZZ","Coleoptera","Polyphaga","Elateriformia","Byrrhoidea","Dryopidae","ZZZ","ZZZ","ZZZ","ZZZ","ZZZ","ZZZ","ZZZ","ZZZ","ZZZ","ZZZ","Dryopidae","Family"
"362","Arthropoda","Hexapoda","ZZZ","Insecta","Pterygota","Neoptera","ZZZ","Coleoptera","Adephaga","ZZZ","ZZZ","Dytiscidae","ZZZ","ZZZ","ZZZ","ZZZ","ZZZ","ZZZ","ZZZ","ZZZ","ZZZ","ZZZ","Dytiscidae","Family"
"415","Arthropoda","Hexapoda","ZZZ","Insecta","Pterygota","Palaeoptera","ZZZ","Ephemeroptera","ZZZ","ZZZ","ZZZ","ZZZ","ZZZ","ZZZ","ZZZ","ZZZ","ZZZ","ZZZ","ZZZ","ZZZ","ZZZ","ZZZ","Ephemeroptera","Order"
"429","Arthropoda","Chelicerata","ZZZ","Arachnida","Acari","ZZZ","Acariformes","Trombidiformes","Prostigmata","ZZZ","ZZZ","Lebertiidae","ZZZ","ZZZ","ZZZ","ZZZ","ZZZ","Estelloxus","ZZZ","ZZZ","ZZZ","ZZZ","Acari","Subclass"
"430","Arthropoda","Chelicerata","ZZZ","Arachnida","Acari","ZZZ","Acariformes","Trombidiformes","Prostigmata","ZZZ","ZZZ","Lebertiidae","ZZZ","ZZZ","ZZZ","ZZZ","ZZZ","Estelloxus","ZZZ","ZZZ","ZZZ","ZZZ","Acari","Subclass"
"447","Arthropoda","Chelicerata","ZZZ","Arachnida","ZZZ","ZZZ","ZZZ","Palpigradi","ZZZ","ZZZ","Eukoenenioidea","Eukoeneniidae","ZZZ","ZZZ","ZZZ","ZZZ","ZZZ","Eukoenenia","ZZZ","ZZZ","ZZZ","ZZZ","Eukoenenia","Genus"
"449","Arthropoda","Chelicerata","ZZZ","Arachnida","Acari","ZZZ","Acariformes","Trombidiformes","Prostigmata","ZZZ","ZZZ","Eylaidae","ZZZ","ZZZ","ZZZ","ZZZ","ZZZ","Eylais","ZZZ","ZZZ","ZZZ","ZZZ","Acari","Subclass"
"450","Arthropoda","Hexapoda","ZZZ","Insecta","Pterygota","Palaeoptera","ZZZ","Ephemeroptera","Pisciforma","ZZZ","ZZZ","Baetidae","ZZZ","ZZZ","ZZZ","ZZZ","ZZZ","Fallceon","ZZZ","ZZZ","ZZZ","ZZZ","Fallceon","Genus"
"451","Arthropoda","Hexapoda","ZZZ","Insecta","Pterygota","Palaeoptera","ZZZ","Ephemeroptera","Pisciforma","ZZZ","ZZZ","Baetidae","ZZZ","ZZZ","ZZZ","ZZZ","ZZZ","Fallceon","ZZZ","ZZZ","ZZZ","ZZZ","Fallceon","Genus"
"453","Arthropoda","Chelicerata","ZZZ","Arachnida","Acari","ZZZ","Acariformes","Trombidiformes","Prostigmata","ZZZ","ZZZ","Feltriidae","ZZZ","ZZZ","ZZZ","ZZZ","ZZZ","Feltria","ZZZ","ZZZ","ZZZ","ZZZ","Acari","Subclass"
"459","Ectoprocta","ZZZ","ZZZ","Gymnolaemata","ZZZ","ZZZ","ZZZ","Cheilostomata","Anasca","ZZZ","ZZZ","Flustridae","ZZZ","ZZZ","ZZZ","ZZZ","ZZZ","Flustra","ZZZ","ZZZ","ZZZ","ZZZ","Flustra","Genus"
"463","Arthropoda","Chelicerata","ZZZ","Arachnida","Acari","ZZZ","Acariformes","Trombidiformes","Prostigmata","ZZZ","ZZZ","Pionidae","ZZZ","ZZZ","ZZZ","ZZZ","ZZZ","Forelia","ZZZ","ZZZ","ZZZ","ZZZ","Acari","Subclass"
"466","Arthropoda","Chelicerata","ZZZ","Arachnida","Acari","ZZZ","Acariformes","Trombidiformes","Prostigmata","ZZZ","ZZZ","Oxidae","ZZZ","ZZZ","ZZZ","ZZZ","ZZZ","Frontipoda","ZZZ","ZZZ","ZZZ","ZZZ","Acari","Subclass"
"473","Arthropoda","Hexapoda","ZZZ","Insecta","Pterygota","Neoptera","ZZZ","Coleoptera","Polyphaga","Staphyliniformia","Hydrophiloidea","Georyssidae","ZZZ","ZZZ","ZZZ","ZZZ","ZZZ","Georyssus","ZZZ","ZZZ","ZZZ","ZZZ","Georyssus","Genus"
"474","Arthropoda","Chelicerata","ZZZ","Arachnida","Acari","ZZZ","Acariformes","Trombidiformes","Prostigmata","ZZZ","ZZZ","Pionidae","Huitfeldtiinae","ZZZ","ZZZ","ZZZ","ZZZ","Gereckea","ZZZ","ZZZ","ZZZ","ZZZ","Acari","Subclass"
"477","Mollusca","ZZZ","ZZZ","Bivalvia","Heterodonta","ZZZ","ZZZ","Veneroida","ZZZ","ZZZ","Carditoidea","Carditidae","ZZZ","ZZZ","ZZZ","ZZZ","ZZZ","Glans","ZZZ","ZZZ","ZZZ","ZZZ","Glans","Genus"
"479","Mollusca","ZZZ","ZZZ","Bivalvia","Heterodonta","ZZZ","ZZZ","Veneroida","ZZZ","ZZZ","Glossoidea","Glossidae","ZZZ","ZZZ","ZZZ","ZZZ","ZZZ","ZZZ","ZZZ","ZZZ","ZZZ","ZZZ","Glossidae","Family"
"494","Arthropoda","Chelicerata","ZZZ","Arachnida","ZZZ","ZZZ","ZZZ","Solifugae","ZZZ","ZZZ","ZZZ","Daesiidae","Gluviinae","ZZZ","ZZZ","ZZZ","ZZZ","Gluvia","ZZZ","ZZZ","ZZZ","ZZZ","Gluvia","Genus"
"503","Arthropoda","Hexapoda","ZZZ","Insecta","Pterygota","Neoptera","ZZZ","Trichoptera","ZZZ","ZZZ","Limnephiloidea","Goeridae","ZZZ","ZZZ","ZZZ","ZZZ","ZZZ","ZZZ","ZZZ","ZZZ","ZZZ","ZZZ","Goeridae","Family"
"513","Arthropoda","Hexapoda","ZZZ","Insecta","Pterygota","Neoptera","ZZZ","Coleoptera","Adephaga","ZZZ","ZZZ","Gyrinidae","ZZZ","ZZZ","ZZZ","ZZZ","ZZZ","ZZZ","ZZZ","ZZZ","ZZZ","ZZZ","Gyrinidae","Family"
"514","Arthropoda","Hexapoda","ZZZ","Insecta","Pterygota","Neoptera","ZZZ","Coleoptera","Adephaga","ZZZ","ZZZ","Gyrinidae","ZZZ","ZZZ","ZZZ","ZZZ","ZZZ","ZZZ","ZZZ","ZZZ","ZZZ","ZZZ","Gyrinidae","Family"
"521","Arthropoda","Hexapoda","ZZZ","Insecta","Pterygota","Neoptera","ZZZ","Coleoptera","Polyphaga","Cucujiformia","Cucujoidea","Coccinellidae","Hyperaspidinae","ZZZ","ZZZ","ZZZ","ZZZ","Helesius","ZZZ","ZZZ","ZZZ","ZZZ","Helesius","Genus"
"522","Arthropoda","Hexapoda","ZZZ","Insecta","Pterygota","Neoptera","ZZZ","Coleoptera","Polyphaga","Elateriformia","Byrrhoidea","Dryopidae","ZZZ","ZZZ","ZZZ","ZZZ","ZZZ","Helichus","ZZZ","ZZZ","ZZZ","ZZZ","Helichus","Genus"
"530","Arthropoda","Hexapoda","ZZZ","Insecta","Pterygota","Neoptera","ZZZ","Coleoptera","Polyphaga","Staphyliniformia","Hydrophiloidea","Hydrophilidae","Hydrophilinae","ZZZ","Hydrophilini","ZZZ","ZZZ","Helochares","ZZZ","ZZZ","ZZZ","ZZZ","Helochares","Genus"
"531","Arthropoda","Hexapoda","ZZZ","Insecta","Pterygota","Neoptera","ZZZ","Coleoptera","Polyphaga","Staphyliniformia","Hydrophiloidea","Hydrophilidae","Hydrophilinae","ZZZ","Hydrophilini","ZZZ","ZZZ","Helochares","ZZZ","ZZZ","ZZZ","ZZZ","Helochares","Genus"
"534","Arthropoda","Hexapoda","ZZZ","Insecta","Pterygota","Neoptera","ZZZ","Coleoptera","Polyphaga","Staphyliniformia","Hydrophiloidea","Helophoridae","ZZZ","ZZZ","ZZZ","ZZZ","ZZZ","Helophorus","ZZZ","ZZZ","ZZZ","ZZZ","Helophorus","Genus"
"535","Arthropoda","Hexapoda","ZZZ","Insecta","Pterygota","Neoptera","Neuropterida","Neuroptera","Hemerobiiformia","ZZZ","ZZZ","Hemerobiidae","ZZZ","ZZZ","ZZZ","ZZZ","ZZZ","ZZZ","ZZZ","ZZZ","ZZZ","ZZZ","Hemerobiidae","Family"
"537","Arthropoda","Hexapoda","ZZZ","Insecta","Pterygota","Neoptera","ZZZ","Hemiptera","ZZZ","ZZZ","ZZZ","ZZZ","ZZZ","ZZZ","ZZZ","ZZZ","ZZZ","ZZZ","ZZZ","ZZZ","ZZZ","ZZZ","Hemiptera","Order"
"541","Mollusca","ZZZ","ZZZ","Bivalvia","Heterodonta","ZZZ","ZZZ","Veneroida","ZZZ","ZZZ","Lucinoidea","Lucinidae","ZZZ","ZZZ","ZZZ","ZZZ","ZZZ","Here","ZZZ","ZZZ","ZZZ","ZZZ","Here","Genus"
"552","Arthropoda","Hexapoda","ZZZ","Insecta","Pterygota","Neoptera","ZZZ","Coleoptera","Polyphaga","Elateriformia","Byrrhoidea","Heteroceridae","ZZZ","ZZZ","ZZZ","ZZZ","ZZZ","ZZZ","ZZZ","ZZZ","ZZZ","ZZZ","Heteroceridae","Family"
"553","Arthropoda","Hexapoda","ZZZ","Insecta","Pterygota","Neoptera","ZZZ","Trichoptera","ZZZ","ZZZ","Leptoceroidea","Calamoceratidae","Calamoceratinae","ZZZ","ZZZ","ZZZ","ZZZ","Heteroplectron","ZZZ","ZZZ","californicum","ZZZ","Heteroplectron","Genus"
"554","Arthropoda","Hexapoda","ZZZ","Insecta","Pterygota","Neoptera","ZZZ","Trichoptera","ZZZ","ZZZ","Leptoceroidea","Calamoceratidae","Calamoceratinae","ZZZ","ZZZ","ZZZ","ZZZ","Heteroplectron","ZZZ","ZZZ","californicum","ZZZ","Heteroplectron","Genus"
"555","Ectoprocta","ZZZ","ZZZ","Gymnolaemata","ZZZ","ZZZ","ZZZ","Cyclostomata","Cerioporina","ZZZ","ZZZ","Heteroporidae","ZZZ","ZZZ","ZZZ","ZZZ","ZZZ","Heteropora","ZZZ","ZZZ","pacifica","ZZZ","Heteropora pacifica","Species"
"556","Arthropoda","Hexapoda","ZZZ","Insecta","Pterygota","Neoptera","ZZZ","Hemiptera","Heteroptera","ZZZ","ZZZ","ZZZ","ZZZ","ZZZ","ZZZ","ZZZ","ZZZ","ZZZ","ZZZ","ZZZ","ZZZ","ZZZ","Heteroptera","Suborder"
"557","Arthropoda","Hexapoda","ZZZ","Insecta","Pterygota","Neoptera","ZZZ","Coleoptera","Adephaga","ZZZ","ZZZ","Dytiscidae","Hydroporinae","ZZZ","Hydroporini","ZZZ","ZZZ","Heterosternuta","ZZZ","ZZZ","ZZZ","ZZZ","Dytiscidae","Family"
"567","Annelida","ZZZ","ZZZ","Clitellata","Lumbriculata","ZZZ","ZZZ","Hirudinida","ZZZ","ZZZ","ZZZ","ZZZ","ZZZ","ZZZ","ZZZ","ZZZ","ZZZ","ZZZ","ZZZ","ZZZ","ZZZ","ZZZ","Hirudinida","Order"
"568","Annelida","ZZZ","ZZZ","Clitellata","Lumbriculata","ZZZ","ZZZ","Hirudinida","ZZZ","ZZZ","ZZZ","ZZZ","ZZZ","ZZZ","ZZZ","ZZZ","ZZZ","ZZZ","ZZZ","ZZZ","ZZZ","ZZZ","Hirudinida","Order"
"569","Annelida","ZZZ","ZZZ","Clitellata","Lumbriculata","ZZZ","ZZZ","Hirudinida","ZZZ","ZZZ","ZZZ","ZZZ","ZZZ","ZZZ","ZZZ","ZZZ","ZZZ","ZZZ","ZZZ","ZZZ","ZZZ","ZZZ","Hirudinida","Order"
"576","Arthropoda","Hexapoda","ZZZ","Insecta","Pterygota","Neoptera","ZZZ","Coleoptera","Adephaga","ZZZ","ZZZ","Dytiscidae","Dytiscinae","ZZZ","Hydaticini","ZZZ","ZZZ","Hydaticus","ZZZ","ZZZ","ZZZ","ZZZ","Dytiscidae","Family"
"586","Arthropoda","Chelicerata","ZZZ","Arachnida","Acari","ZZZ","Acariformes","Trombidiformes","Prostigmata","ZZZ","ZZZ","Hydrachnidae","ZZZ","ZZZ","ZZZ","ZZZ","ZZZ","Hydrachna","ZZZ","ZZZ","ZZZ","ZZZ","Acari","Subclass"
"587","Arthropoda","Chelicerata","ZZZ","Arachnida","Acari","ZZZ","Acariformes","Trombidiformes","Prostigmata","ZZZ","ZZZ","Hydrachnidae","ZZZ","ZZZ","ZZZ","ZZZ","ZZZ","ZZZ","ZZZ","ZZZ","ZZZ","ZZZ","Acari","Subclass"
"588","Arthropoda","Hexapoda","ZZZ","Insecta","Pterygota","Neoptera","ZZZ","Coleoptera","Polyphaga","Staphyliniformia","Staphylinoidea","Hydraenidae","ZZZ","ZZZ","ZZZ","ZZZ","ZZZ","ZZZ","ZZZ","ZZZ","ZZZ","ZZZ","Hydraenidae","Family"
"589","Arthropoda","Hexapoda","ZZZ","Insecta","Pterygota","Neoptera","ZZZ","Coleoptera","Polyphaga","Staphyliniformia","Staphylinoidea","Hydraenidae","ZZZ","ZZZ","ZZZ","ZZZ","ZZZ","ZZZ","ZZZ","ZZZ","ZZZ","ZZZ","Hydraenidae","Family"
"590","Arthropoda","Hexapoda","ZZZ","Insecta","Pterygota","Neoptera","ZZZ","Coleoptera","Polyphaga","Staphyliniformia","Staphylinoidea","Hydraenidae","ZZZ","ZZZ","ZZZ","ZZZ","ZZZ","ZZZ","ZZZ","ZZZ","ZZZ","ZZZ","Hydraenidae","Family"
"591","Arthropoda","Hexapoda","ZZZ","Insecta","Pterygota","Neoptera","ZZZ","Coleoptera","Polyphaga","Staphyliniformia","Staphylinoidea","Hydraenidae","ZZZ","ZZZ","ZZZ","ZZZ","ZZZ","ZZZ","ZZZ","ZZZ","ZZZ","ZZZ","Hydraenidae","Family"
"594","Arthropoda","Hexapoda","ZZZ","Insecta","Pterygota","Neoptera","ZZZ","Coleoptera","Polyphaga","Staphyliniformia","Hydrophiloidea","Hydrochidae","ZZZ","ZZZ","ZZZ","ZZZ","ZZZ","Hydrochus","ZZZ","ZZZ","ZZZ","ZZZ","Hydrochus","Genus"
"595","Arthropoda","Chelicerata","ZZZ","Arachnida","Acari","ZZZ","Acariformes","Trombidiformes","Prostigmata","ZZZ","ZZZ","Hydrodromidae","ZZZ","ZZZ","ZZZ","ZZZ","ZZZ","Hydrodroma","ZZZ","ZZZ","ZZZ","ZZZ","Acari","Subclass"
"596","Arthropoda","Hexapoda","ZZZ","Insecta","Pterygota","Neoptera","ZZZ","Coleoptera","Polyphaga","Staphyliniformia","Hydrophiloidea","Hydrophilidae","ZZZ","ZZZ","ZZZ","ZZZ","ZZZ","ZZZ","ZZZ","ZZZ","ZZZ","ZZZ","Hydrophilidae","Family"
"597","Arthropoda","Hexapoda","ZZZ","Insecta","Pterygota","Neoptera","ZZZ","Coleoptera","Polyphaga","Staphyliniformia","Hydrophiloidea","Hydrophilidae","ZZZ","ZZZ","ZZZ","ZZZ","ZZZ","ZZZ","ZZZ","ZZZ","ZZZ","ZZZ","Hydrophilidae","Family"
"598","Arthropoda","Hexapoda","ZZZ","Insecta","Pterygota","Neoptera","ZZZ","Coleoptera","Polyphaga","Staphyliniformia","Hydrophiloidea","ZZZ","ZZZ","ZZZ","ZZZ","ZZZ","ZZZ","ZZZ","ZZZ","ZZZ","ZZZ","ZZZ","Hydrophiloidea","Superfamily"
"599","Arthropoda","Hexapoda","ZZZ","Insecta","Pterygota","Neoptera","ZZZ","Coleoptera","Adephaga","ZZZ","ZZZ","Dytiscidae","Hydroporinae","ZZZ","ZZZ","ZZZ","ZZZ","ZZZ","ZZZ","ZZZ","ZZZ","ZZZ","Dytiscidae","Family"
"600","Arthropoda","Hexapoda","ZZZ","Insecta","Pterygota","Neoptera","ZZZ","Coleoptera","Adephaga","ZZZ","ZZZ","Dytiscidae","Hydroporinae","ZZZ","ZZZ","ZZZ","ZZZ","ZZZ","ZZZ","ZZZ","ZZZ","ZZZ","Dytiscidae","Family"
"601","Arthropoda","Hexapoda","ZZZ","Insecta","Pterygota","Neoptera","ZZZ","Coleoptera","Adephaga","ZZZ","ZZZ","Dytiscidae","Hydroporinae","ZZZ","ZZZ","ZZZ","ZZZ","ZZZ","ZZZ","ZZZ","ZZZ","ZZZ","Dytiscidae","Family"
"602","Arthropoda","Hexapoda","ZZZ","Insecta","Pterygota","Neoptera","ZZZ","Coleoptera","Adephaga","ZZZ","ZZZ","Dytiscidae","Hydroporinae","ZZZ","ZZZ","ZZZ","ZZZ","ZZZ","ZZZ","ZZZ","ZZZ","ZZZ","Dytiscidae","Family"
"603","Arthropoda","Hexapoda","ZZZ","Insecta","Pterygota","Neoptera","ZZZ","Coleoptera","Adephaga","ZZZ","ZZZ","Dytiscidae","Hydroporinae","ZZZ","ZZZ","ZZZ","ZZZ","ZZZ","ZZZ","ZZZ","ZZZ","ZZZ","Dytiscidae","Family"
"604","Arthropoda","Hexapoda","ZZZ","Insecta","Pterygota","Neoptera","ZZZ","Coleoptera","Adephaga","ZZZ","ZZZ","Dytiscidae","Hydroporinae","ZZZ","ZZZ","ZZZ","ZZZ","ZZZ","ZZZ","ZZZ","ZZZ","ZZZ","Dytiscidae","Family"
"605","Arthropoda","Hexapoda","ZZZ","Insecta","Pterygota","Neoptera","ZZZ","Coleoptera","Adephaga","ZZZ","ZZZ","Dytiscidae","Hydroporinae","ZZZ","ZZZ","ZZZ","ZZZ","ZZZ","ZZZ","ZZZ","ZZZ","ZZZ","Dytiscidae","Family"
"606","Arthropoda","Hexapoda","ZZZ","Insecta","Pterygota","Neoptera","ZZZ","Coleoptera","Adephaga","ZZZ","ZZZ","Dytiscidae","Hydroporinae","ZZZ","ZZZ","ZZZ","ZZZ","ZZZ","ZZZ","ZZZ","ZZZ","ZZZ","Dytiscidae","Family"
"607","Arthropoda","Hexapoda","ZZZ","Insecta","Pterygota","Neoptera","ZZZ","Coleoptera","Adephaga","ZZZ","ZZZ","Dytiscidae","Hydroporinae","ZZZ","ZZZ","ZZZ","ZZZ","ZZZ","ZZZ","ZZZ","ZZZ","ZZZ","Dytiscidae","Family"
"613","Arthropoda","Hexapoda","ZZZ","Insecta","Pterygota","Neoptera","ZZZ","Trichoptera","ZZZ","ZZZ","Hydropsychoidea","ZZZ","ZZZ","ZZZ","ZZZ","ZZZ","ZZZ","ZZZ","ZZZ","ZZZ","ZZZ","ZZZ","Hydropsychoidea","Superfamily"
"614","Arthropoda","Hexapoda","ZZZ","Insecta","Pterygota","Neoptera","ZZZ","Trichoptera","ZZZ","ZZZ","Hydroptiloidea","Hydroptilidae","Hydroptilinae","ZZZ","Hydroptilini","ZZZ","ZZZ","Hydroptila","ZZZ","ZZZ","ZZZ","ZZZ","Hydroptila","Genus"
"615","Arthropoda","Hexapoda","ZZZ","Insecta","Pterygota","Neoptera","ZZZ","Trichoptera","ZZZ","ZZZ","Hydroptiloidea","Hydroptilidae","ZZZ","ZZZ","ZZZ","ZZZ","ZZZ","ZZZ","ZZZ","ZZZ","ZZZ","ZZZ","Hydroptilidae","Family"
"616","Arthropoda","Hexapoda","ZZZ","Insecta","Pterygota","Neoptera","ZZZ","Trichoptera","ZZZ","ZZZ","Hydroptiloidea","Hydroptilidae","ZZZ","ZZZ","ZZZ","ZZZ","ZZZ","ZZZ","ZZZ","ZZZ","ZZZ","ZZZ","Hydroptilidae","Family"
"617","Arthropoda","Hexapoda","ZZZ","Insecta","Pterygota","Neoptera","ZZZ","Trichoptera","ZZZ","ZZZ","Hydroptiloidea","Hydroptilidae","ZZZ","ZZZ","ZZZ","ZZZ","ZZZ","ZZZ","ZZZ","ZZZ","ZZZ","ZZZ","Hydroptilidae","Family"
"619","Arthropoda","Chelicerata","ZZZ","Arachnida","Acari","ZZZ","Acariformes","Trombidiformes","Prostigmata","ZZZ","ZZZ","Hydrovolziidae","ZZZ","ZZZ","ZZZ","ZZZ","ZZZ","Hydrovolzia","ZZZ","ZZZ","ZZZ","ZZZ","Acari","Subclass"
"620","Arthropoda","Chelicerata","ZZZ","Arachnida","Acari","ZZZ","Acariformes","Trombidiformes","Prostigmata","ZZZ","ZZZ","Hydryphantidae","ZZZ","ZZZ","ZZZ","ZZZ","ZZZ","Hydryphantes","ZZZ","ZZZ","ZZZ","ZZZ","Acari","Subclass"
"621","Arthropoda","Chelicerata","ZZZ","Arachnida","Acari","ZZZ","Acariformes","Trombidiformes","Prostigmata","ZZZ","ZZZ","Hydryphantidae","ZZZ","ZZZ","ZZZ","ZZZ","ZZZ","ZZZ","ZZZ","ZZZ","Panisus","ZZZ","Acari","Subclass"
"622","Arthropoda","Chelicerata","ZZZ","Arachnida","Acari","ZZZ","Acariformes","Trombidiformes","Prostigmata","ZZZ","ZZZ","Hydryphantidae","ZZZ","ZZZ","ZZZ","ZZZ","ZZZ","ZZZ","ZZZ","ZZZ","ZZZ","ZZZ","Acari","Subclass"
"623","Arthropoda","Chelicerata","ZZZ","Arachnida","Acari","ZZZ","Acariformes","Trombidiformes","Prostigmata","ZZZ","ZZZ","Hygrobatidae","ZZZ","ZZZ","ZZZ","ZZZ","ZZZ","Hygrobates","ZZZ","ZZZ","ZZZ","ZZZ","Acari","Subclass"
"624","Arthropoda","Chelicerata","ZZZ","Arachnida","Acari","ZZZ","Acariformes","Trombidiformes","Prostigmata","ZZZ","ZZZ","Hygrobatidae","ZZZ","ZZZ","ZZZ","ZZZ","ZZZ","ZZZ","ZZZ","ZZZ","ZZZ","ZZZ","Acari","Subclass"
"627","Arthropoda","Hexapoda","ZZZ","Insecta","Pterygota","Neoptera","ZZZ","Trichoptera","Integripalpia","ZZZ","ZZZ","ZZZ","ZZZ","ZZZ","ZZZ","ZZZ","ZZZ","ZZZ","ZZZ","ZZZ","ZZZ","ZZZ","Integripalpia","Suborder"
"635","Porifera","ZZZ","ZZZ","Demospongiae","ZZZ","ZZZ","ZZZ","Astrophorida","ZZZ","ZZZ","ZZZ","Geodiidae","ZZZ","ZZZ","ZZZ","ZZZ","ZZZ","Isops","ZZZ","ZZZ","ZZZ","ZZZ","Isops","Genus"
"636","Arthropoda","Hexapoda","ZZZ","Insecta","Pterygota","Palaeoptera","ZZZ","Ephemeroptera","Pisciforma","ZZZ","ZZZ","Baetidae","ZZZ","ZZZ","ZZZ","ZZZ","ZZZ","ZZZ","ZZZ","ZZZ","Iswaeon","ZZZ","Iswaeon","Species"
"644","Arthropoda","Chelicerata","ZZZ","Arachnida","Acari","ZZZ","Acariformes","Trombidiformes","Prostigmata","ZZZ","ZZZ","Unionicolidae","ZZZ","ZZZ","ZZZ","ZZZ","ZZZ","Koenikea","ZZZ","ZZZ","ZZZ","ZZZ","Acari","Subclass"
"650","Arthropoda","Chelicerata","ZZZ","Arachnida","Acari","ZZZ","Acariformes","Trombidiformes","Prostigmata","ZZZ","ZZZ","Aturidae","ZZZ","ZZZ","ZZZ","ZZZ","ZZZ","Kongsbergia","ZZZ","ZZZ","ZZZ","ZZZ","Acari","Subclass"
"651","Arthropoda","Chelicerata","ZZZ","Arachnida","Acari","ZZZ","Acariformes","Trombidiformes","Prostigmata","ZZZ","ZZZ","Krendowskiidae","ZZZ","ZZZ","ZZZ","ZZZ","ZZZ","ZZZ","ZZZ","ZZZ","ZZZ","ZZZ","Acari","Subclass"
"659","Arthropoda","Hexapoda","ZZZ","Insecta","Pterygota","Neoptera","ZZZ","Coleoptera","Polyphaga","Staphyliniformia","Hydrophiloidea","Hydrophilidae","Hydrophilinae","ZZZ","Laccobiini","ZZZ","ZZZ","Laccobius","ZZZ","ZZZ","ZZZ","ZZZ","Laccobius","Genus"
"660","Arthropoda","Hexapoda","ZZZ","Insecta","Pterygota","Neoptera","ZZZ","Coleoptera","Adephaga","ZZZ","ZZZ","Dytiscidae","Laccophilinae","ZZZ","Laccophilini","ZZZ","ZZZ","Laccophilus","ZZZ","ZZZ","ZZZ","ZZZ","Dytiscidae","Family"
"661","Arthropoda","Hexapoda","ZZZ","Insecta","Pterygota","Neoptera","ZZZ","Coleoptera","Polyphaga","Elateriformia","Elateroidea","Lampyridae","ZZZ","ZZZ","ZZZ","ZZZ","ZZZ","ZZZ","ZZZ","ZZZ","ZZZ","ZZZ","Lampyridae","Family"
"666","Arthropoda","Chelicerata","ZZZ","Arachnida","Acari","ZZZ","Acariformes","Trombidiformes","Prostigmata","ZZZ","ZZZ","Arrenuridae","ZZZ","ZZZ","ZZZ","ZZZ","ZZZ","Laversia","ZZZ","ZZZ","ZZZ","ZZZ","Acari","Subclass"
"667","Arthropoda","Chelicerata","ZZZ","Arachnida","Acari","ZZZ","Acariformes","Trombidiformes","Prostigmata","ZZZ","ZZZ","Lebertiidae","ZZZ","ZZZ","ZZZ","ZZZ","ZZZ","Lebertia","ZZZ","ZZZ","ZZZ","ZZZ","Acari","Subclass"
"668","Annelida","ZZZ","ZZZ","Polychaeta","Palpata","ZZZ","ZZZ","Aciculata","Phyllodocida","ZZZ","ZZZ","Polynoidae","ZZZ","ZZZ","ZZZ","ZZZ","ZZZ","Lepidonotus","ZZZ","ZZZ","ZZZ","ZZZ","Lepidonotus","Genus"
"689","Arthropoda","Hexapoda","ZZZ","Insecta","Pterygota","Palaeoptera","ZZZ","Ephemeroptera","Furcatergalia","Pannota","Ephemerelloidea","Leptohyphidae","ZZZ","ZZZ","ZZZ","ZZZ","ZZZ","ZZZ","ZZZ","ZZZ","ZZZ","ZZZ","Leptohyphidae","Family"
"690","Arthropoda","Hexapoda","ZZZ","Insecta","Pterygota","Palaeoptera","ZZZ","Ephemeroptera","Furcatergalia","Lanceolata","ZZZ","Leptophlebiidae","ZZZ","ZZZ","ZZZ","ZZZ","ZZZ","ZZZ","ZZZ","ZZZ","ZZZ","ZZZ","Leptophlebiidae","Family"
"692","Arthropoda","Hexapoda","ZZZ","Insecta","Pterygota","Neoptera","ZZZ","Hemiptera","Heteroptera","Nepomorpha","Nepoidea","Belostomatidae","Lethocerinae","ZZZ","ZZZ","ZZZ","ZZZ","Lethocerus","ZZZ","ZZZ","ZZZ","ZZZ","Lethocerus","Genus"
"699","Arthropoda","Hexapoda","ZZZ","Insecta","Pterygota","Palaeoptera","ZZZ","Odonata","Anisoptera","ZZZ","ZZZ","Libellulidae","ZZZ","ZZZ","ZZZ","ZZZ","ZZZ","ZZZ","ZZZ","ZZZ","ZZZ","ZZZ","Libellulidae","Family"
"700","Arthropoda","Hexapoda","ZZZ","Insecta","Pterygota","Palaeoptera","ZZZ","Odonata","Anisoptera","ZZZ","ZZZ","Libellulidae","ZZZ","ZZZ","ZZZ","ZZZ","ZZZ","ZZZ","ZZZ","ZZZ","ZZZ","ZZZ","Libellulidae","Family"
"707","Arthropoda","Hexapoda","ZZZ","Insecta","Pterygota","Neoptera","ZZZ","Trichoptera","ZZZ","ZZZ","Limnephiloidea","ZZZ","ZZZ","ZZZ","ZZZ","ZZZ","ZZZ","ZZZ","ZZZ","ZZZ","ZZZ","ZZZ","Limnephiloidea","Superfamily"
"709","Arthropoda","Chelicerata","ZZZ","Arachnida","Acari","ZZZ","Acariformes","Trombidiformes","Prostigmata","ZZZ","ZZZ","Limnesiidae","ZZZ","ZZZ","ZZZ","ZZZ","ZZZ","Limnesia","ZZZ","ZZZ","ZZZ","ZZZ","Acari","Subclass"
"710","Arthropoda","Hexapoda","ZZZ","Insecta","Pterygota","Neoptera","ZZZ","Coleoptera","Polyphaga","Elateriformia","Byrrhoidea","Limnichidae","ZZZ","ZZZ","ZZZ","ZZZ","ZZZ","ZZZ","ZZZ","ZZZ","ZZZ","ZZZ","Limnichidae","Family"
"725","Arthropoda","Chelicerata","ZZZ","Arachnida","Acari","ZZZ","Acariformes","Trombidiformes","Prostigmata","ZZZ","ZZZ","Axonopsidae","ZZZ","ZZZ","ZZZ","ZZZ","ZZZ","Ljania","ZZZ","ZZZ","ZZZ","ZZZ","Acari","Subclass"
"742","Arthropoda","Hexapoda","ZZZ","Insecta","Pterygota","Neoptera","ZZZ","Hemiptera","Heteroptera","Gerromorpha","Hydrometroidea","Macroveliidae","ZZZ","ZZZ","ZZZ","ZZZ","ZZZ","Macrovelia","ZZZ","ZZZ","ZZZ","ZZZ","Macrovelia","Genus"
"746","Mollusca","ZZZ","ZZZ","Bivalvia","Palaeoheterodonta","ZZZ","ZZZ","Unionoida","ZZZ","ZZZ","ZZZ","Margaritiferidae","ZZZ","ZZZ","ZZZ","ZZZ","ZZZ","ZZZ","ZZZ","ZZZ","ZZZ","ZZZ","Margaritiferidae","Family"
"747","Mollusca","ZZZ","ZZZ","Bivalvia","Palaeoheterodonta","ZZZ","ZZZ","Unionoida","ZZZ","ZZZ","ZZZ","Margaritiferidae","ZZZ","ZZZ","ZZZ","ZZZ","ZZZ","ZZZ","ZZZ","ZZZ","ZZZ","ZZZ","Margaritiferidae","Family"
"748","Mollusca","ZZZ","ZZZ","Bivalvia","Palaeoheterodonta","ZZZ","ZZZ","Unionoida","ZZZ","ZZZ","ZZZ","Margaritiferidae","ZZZ","ZZZ","ZZZ","ZZZ","ZZZ","ZZZ","ZZZ","ZZZ","ZZZ","ZZZ","Margaritiferidae","Family"
"760","Arthropoda","Chelicerata","ZZZ","Arachnida","Acari","ZZZ","Acariformes","Trombidiformes","Prostigmata","ZZZ","ZZZ","Hygrobatidae","Hygrobatinae","ZZZ","ZZZ","ZZZ","ZZZ","Mesobates","ZZZ","ZZZ","ZZZ","ZZZ","Acari","Subclass"
"770","Arthropoda","Hexapoda","ZZZ","Insecta","Pterygota","Neoptera","ZZZ","Coleoptera","Myxophaga","ZZZ","ZZZ","Microsporidae","ZZZ","ZZZ","ZZZ","ZZZ","ZZZ","ZZZ","ZZZ","ZZZ","ZZZ","ZZZ","Microsporidae","Family"
"775","Arthropoda","Chelicerata","ZZZ","Arachnida","Acari","ZZZ","Acariformes","Trombidiformes","Prostigmata","ZZZ","ZZZ","Mideidae","ZZZ","ZZZ","ZZZ","ZZZ","ZZZ","Midea","ZZZ","ZZZ","ZZZ","ZZZ","Acari","Subclass"
"776","Arthropoda","Chelicerata","ZZZ","Arachnida","Acari","ZZZ","Acariformes","Trombidiformes","Prostigmata","ZZZ","ZZZ","Mideopsidae","ZZZ","ZZZ","ZZZ","ZZZ","ZZZ","ZZZ","ZZZ","ZZZ","ZZZ","ZZZ","Acari","Subclass"
"777","Arthropoda","Chelicerata","ZZZ","Arachnida","Acari","ZZZ","Acariformes","Trombidiformes","Prostigmata","ZZZ","ZZZ","Mideopsidae","ZZZ","ZZZ","ZZZ","ZZZ","ZZZ","Mideopsis","ZZZ","ZZZ","ZZZ","ZZZ","Acari","Subclass"
"778","Arthropoda","Hexapoda","ZZZ","Insecta","Pterygota","Neoptera","ZZZ","Trichoptera","ZZZ","ZZZ","Leptoceroidea","Molannidae","ZZZ","ZZZ","ZZZ","ZZZ","ZZZ","Molanna","ZZZ","ZZZ","ZZZ","ZZZ","Molanna","Genus"
"780","Arthropoda","Chelicerata","ZZZ","Arachnida","Acari","ZZZ","Acariformes","Trombidiformes","Prostigmata","ZZZ","ZZZ","Momoniidae","ZZZ","ZZZ","ZZZ","ZZZ","ZZZ","Momonia","ZZZ","ZZZ","ZZZ","ZZZ","Acari","Subclass"
"781","Arthropoda","Chelicerata","ZZZ","Arachnida","Acari","ZZZ","Acariformes","Trombidiformes","Prostigmata","ZZZ","ZZZ","Torrenticolidae","ZZZ","ZZZ","ZZZ","ZZZ","ZZZ","Monatractides","ZZZ","ZZZ","ZZZ","ZZZ","Acari","Subclass"
"786","Arthropoda","Hexapoda","ZZZ","Insecta","Pterygota","Neoptera","ZZZ","Trichoptera","ZZZ","ZZZ","Limnephiloidea","Apataniidae","ZZZ","ZZZ","ZZZ","ZZZ","ZZZ","Moselyana","ZZZ","ZZZ","comosa","ZZZ","Moselyana","Genus"
"787","Arthropoda","Hexapoda","ZZZ","Insecta","Pterygota","Neoptera","ZZZ","Trichoptera","ZZZ","ZZZ","Limnephiloidea","Apataniidae","ZZZ","ZZZ","ZZZ","ZZZ","ZZZ","Moselyana","ZZZ","ZZZ","comosa","ZZZ","Moselyana","Genus"
"800","Arthropoda","Chelicerata","ZZZ","Arachnida","Acari","ZZZ","Acariformes","Trombidiformes","Prostigmata","ZZZ","ZZZ","Unionicolidae","ZZZ","ZZZ","ZZZ","ZZZ","ZZZ","Najadicola","ZZZ","ZZZ","ZZZ","ZZZ","Acari","Subclass"
"806","Arthropoda","Chelicerata","ZZZ","Arachnida","Acari","ZZZ","Acariformes","Trombidiformes","Prostigmata","ZZZ","ZZZ","Nautarachnidae","ZZZ","ZZZ","ZZZ","ZZZ","ZZZ","Nautarachna","ZZZ","ZZZ","ZZZ","ZZZ","Acari","Subclass"
"807","Annelida","ZZZ","ZZZ","Polychaeta","Palpata","ZZZ","ZZZ","Aciculata","Phyllodocida","ZZZ","ZZZ","Nereididae","ZZZ","ZZZ","ZZZ","ZZZ","ZZZ","Neanthes","ZZZ","ZZZ","limnicola","ZZZ","Neanthes limnicola","Species"
"811","Arthropoda","Hexapoda","ZZZ","Insecta","Pterygota","Neoptera","ZZZ","Coleoptera","Adephaga","ZZZ","ZZZ","Dytiscidae","Hydroporinae","ZZZ","Hydroporini","ZZZ","Deronectina","Nectoporus","ZZZ","ZZZ","ZZZ","ZZZ","Dytiscidae","Family"
"813","Nemata","ZZZ","ZZZ","ZZZ","ZZZ","ZZZ","ZZZ","ZZZ","ZZZ","ZZZ","ZZZ","ZZZ","ZZZ","ZZZ","ZZZ","ZZZ","ZZZ","ZZZ","ZZZ","ZZZ","ZZZ","ZZZ","Nemata","Phylum"
"814","Nemata","ZZZ","ZZZ","ZZZ","ZZZ","ZZZ","ZZZ","ZZZ","ZZZ","ZZZ","ZZZ","ZZZ","ZZZ","ZZZ","ZZZ","ZZZ","ZZZ","ZZZ","ZZZ","ZZZ","ZZZ","ZZZ","Nemata","Phylum"
"815","Nemata","ZZZ","ZZZ","ZZZ","ZZZ","ZZZ","ZZZ","ZZZ","ZZZ","ZZZ","ZZZ","ZZZ","ZZZ","ZZZ","ZZZ","ZZZ","ZZZ","ZZZ","ZZZ","ZZZ","ZZZ","ZZZ","Nemata","Phylum"
"816","Nemata","ZZZ","ZZZ","ZZZ","ZZZ","ZZZ","ZZZ","ZZZ","ZZZ","ZZZ","ZZZ","ZZZ","ZZZ","ZZZ","ZZZ","ZZZ","ZZZ","ZZZ","ZZZ","ZZZ","ZZZ","ZZZ","Nemata","Phylum"
"819","Nematomorpha","ZZZ","ZZZ","ZZZ","ZZZ","ZZZ","ZZZ","ZZZ","ZZZ","ZZZ","ZZZ","ZZZ","ZZZ","ZZZ","ZZZ","ZZZ","ZZZ","ZZZ","ZZZ","ZZZ","ZZZ","ZZZ","Nematomorpha","Phylum"
"823","Arthropoda","Chelicerata","ZZZ","Arachnida","Acari","ZZZ","Acariformes","Trombidiformes","Prostigmata","ZZZ","ZZZ","Neoacaridae","ZZZ","ZZZ","ZZZ","ZZZ","ZZZ","Neoacarus","ZZZ","ZZZ","ZZZ","ZZZ","Acari","Subclass"
"824","Arthropoda","Hexapoda","ZZZ","Insecta","Pterygota","ZZZ","ZZZ","Ephemeroptera","Furcatergalia","ZZZ","ZZZ","Leptophlebiidae","ZZZ","ZZZ","ZZZ","ZZZ","ZZZ","Neoleptophlebia/Paraleptophlebia","ZZZ","ZZZ","ZZZ","ZZZ","Neoleptophlebia/Paraleptophlebia","Genus"
"825","Arthropoda","Hexapoda","ZZZ","Insecta","Pterygota","ZZZ","ZZZ","Ephemeroptera","Furcatergalia","ZZZ","ZZZ","Leptophlebiidae","ZZZ","ZZZ","ZZZ","ZZZ","ZZZ","Neoleptophlebia/Paraleptophlebia","ZZZ","ZZZ","ZZZ","ZZZ","Neoleptophlebia/Paraleptophlebia","Genus"
"826","Arthropoda","Hexapoda","ZZZ","Insecta","Pterygota","ZZZ","ZZZ","Ephemeroptera","Furcatergalia","ZZZ","ZZZ","Leptophlebiidae","ZZZ","ZZZ","ZZZ","ZZZ","ZZZ","Neoleptophlebia/Paraleptophlebia","ZZZ","ZZZ","ZZZ","ZZZ","Neoleptophlebia/Paraleptophlebia","Genus"
"827","Arthropoda","Hexapoda","ZZZ","Insecta","Pterygota","ZZZ","ZZZ","Ephemeroptera","Furcatergalia","ZZZ","ZZZ","Leptophlebiidae","ZZZ","ZZZ","ZZZ","ZZZ","ZZZ","Neoleptophlebia/Paraleptophlebia","ZZZ","ZZZ","ZZZ","ZZZ","Neoleptophlebia/Paraleptophlebia","Genus"
"828","Arthropoda","Hexapoda","ZZZ","Insecta","Pterygota","ZZZ","ZZZ","Ephemeroptera","Furcatergalia","ZZZ","ZZZ","Leptophlebiidae","ZZZ","ZZZ","ZZZ","ZZZ","ZZZ","Neoleptophlebia/Paraleptophlebia","ZZZ","ZZZ","ZZZ","ZZZ","Neoleptophlebia/Paraleptophlebia","Genus"
"829","Arthropoda","Hexapoda","ZZZ","Insecta","Pterygota","ZZZ","ZZZ","Ephemeroptera","Furcatergalia","ZZZ","ZZZ","Leptophlebiidae","ZZZ","ZZZ","ZZZ","ZZZ","ZZZ","Neoleptophlebia/Paraleptophlebia","ZZZ","ZZZ","ZZZ","ZZZ","Neoleptophlebia/Paraleptophlebia","Genus"
"830","Arthropoda","Hexapoda","ZZZ","Insecta","Pterygota","ZZZ","ZZZ","Ephemeroptera","Furcatergalia","ZZZ","ZZZ","Leptophlebiidae","ZZZ","ZZZ","ZZZ","ZZZ","ZZZ","Neoleptophlebia/Paraleptophlebia","ZZZ","ZZZ","ZZZ","ZZZ","Neoleptophlebia/Paraleptophlebia","Genus"
"831","Arthropoda","Hexapoda","ZZZ","Insecta","Pterygota","ZZZ","ZZZ","Ephemeroptera","Furcatergalia","ZZZ","ZZZ","Leptophlebiidae","ZZZ","ZZZ","ZZZ","ZZZ","ZZZ","Neoleptophlebia/Paraleptophlebia","ZZZ","ZZZ","ZZZ","ZZZ","Neoleptophlebia/Paraleptophlebia","Genus"
"838","Arthropoda","Hexapoda","ZZZ","Insecta","Pterygota","Neoptera","ZZZ","Hemiptera","Heteroptera","Nepomorpha","Notonectoidea","Pleidae","ZZZ","ZZZ","ZZZ","ZZZ","ZZZ","Neoplea","ZZZ","ZZZ","striola","ZZZ","Neoplea striola","Species"
"839","Arthropoda","Hexapoda","ZZZ","Insecta","Pterygota","Neoptera","ZZZ","Coleoptera","Adephaga","ZZZ","ZZZ","Dytiscidae","Hydroporinae","ZZZ","Hydroporini","ZZZ","ZZZ","Neoporus","ZZZ","ZZZ","ZZZ","ZZZ","Dytiscidae","Family"
"841","Arthropoda","Hexapoda","ZZZ","Insecta","Pterygota","Neoptera","ZZZ","Trichoptera","ZZZ","ZZZ","Hydroptiloidea","Hydroptilidae","Hydroptilinae","ZZZ","Neotrichiini","ZZZ","ZZZ","Neotrichia","ZZZ","ZZZ","ZZZ","ZZZ","Neotrichia","Genus"
"842","Annelida","ZZZ","ZZZ","Polychaeta","Palpata","ZZZ","ZZZ","Aciculata","Phyllodocida","ZZZ","ZZZ","Nereididae","ZZZ","ZZZ","ZZZ","ZZZ","ZZZ","ZZZ","ZZZ","ZZZ","ZZZ","ZZZ","Nereididae","Family"
"843","Arthropoda","Chelicerata","ZZZ","Arachnida","Acari","ZZZ","Acariformes","Trombidiformes","Prostigmata","ZZZ","ZZZ","Unionicolidae","ZZZ","ZZZ","ZZZ","ZZZ","ZZZ","Neumania","ZZZ","ZZZ","ZZZ","ZZZ","Acari","Subclass"
"844","Arthropoda","Hexapoda","ZZZ","Insecta","Pterygota","Neoptera","ZZZ","Trichoptera","ZZZ","ZZZ","Hydropsychoidea","Polycentropodidae","Polycentropodinae","ZZZ","ZZZ","ZZZ","ZZZ","Neureclipsis","ZZZ","ZZZ","ZZZ","ZZZ","Neureclipsis","Genus"
"845","Arthropoda","Hexapoda","ZZZ","Insecta","Pterygota","Neoptera","Neuropterida","Neuroptera","ZZZ","ZZZ","ZZZ","ZZZ","ZZZ","ZZZ","ZZZ","ZZZ","ZZZ","ZZZ","ZZZ","ZZZ","ZZZ","ZZZ","Neuroptera","Order"
"850","Arthropoda","Hexapoda","ZZZ","Insecta","Pterygota","Neoptera","ZZZ","Hemiptera","Heteroptera","Nepomorpha","Notonectoidea","Notonectidae","Notonectinae","ZZZ","Notonectini","ZZZ","ZZZ","Notonecta","ZZZ","ZZZ","ZZZ","ZZZ","Notonecta","Genus"
"851","Arthropoda","Hexapoda","ZZZ","Insecta","Pterygota","Neoptera","ZZZ","Hemiptera","Heteroptera","Nepomorpha","Notonectoidea","Notonectidae","ZZZ","ZZZ","ZZZ","ZZZ","ZZZ","ZZZ","ZZZ","ZZZ","ZZZ","ZZZ","Notonectidae","Family"
"856","Arthropoda","Chelicerata","ZZZ","Arachnida","Acari","ZZZ","Acariformes","Trombidiformes","Prostigmata","ZZZ","ZZZ","Aturidae","ZZZ","ZZZ","ZZZ","ZZZ","ZZZ","Ocybrachypoda","ZZZ","ZZZ","ZZZ","ZZZ","Acari","Subclass"
"857","Arthropoda","Hexapoda","ZZZ","Insecta","Pterygota","Palaeoptera","ZZZ","Odonata","ZZZ","ZZZ","ZZZ","ZZZ","ZZZ","ZZZ","ZZZ","ZZZ","ZZZ","ZZZ","ZZZ","ZZZ","ZZZ","ZZZ","Odonata","Order"
"863","Porifera","ZZZ","ZZZ","Demospongiae","ZZZ","ZZZ","ZZZ","Dictyoceratida","ZZZ","ZZZ","ZZZ","Thorectidae","ZZZ","ZZZ","ZZZ","ZZZ","ZZZ","Oligoceras","ZZZ","ZZZ","ZZZ","ZZZ","Oligoceras","Genus"
"877","Arthropoda","Hexapoda","ZZZ","Insecta","Pterygota","Neoptera","ZZZ","Hemiptera","Heteroptera","Gerromorpha","Hydrometroidea","Macroveliidae","ZZZ","ZZZ","ZZZ","ZZZ","ZZZ","Oravelia","ZZZ","ZZZ","ZZZ","ZZZ","Oravelia","Genus"
"881","Arthropoda","Chelicerata","ZZZ","Arachnida","Acari","ZZZ","Acariformes","Trombidiformes","Prostigmata","ZZZ","ZZZ","Anisitsiellidae","ZZZ","ZZZ","ZZZ","ZZZ","ZZZ","Oregonacarus","ZZZ","ZZZ","ZZZ","ZZZ","Acari","Subclass"
"883","Arthropoda","Hexapoda","ZZZ","Insecta","Pterygota","Neoptera","ZZZ","Coleoptera","Adephaga","ZZZ","ZZZ","Dytiscidae","Hydroporinae","ZZZ","Hydroporini","ZZZ","ZZZ","Oreodytes","ZZZ","ZZZ","ZZZ","ZZZ","Dytiscidae","Family"
"884","Arthropoda","Hexapoda","ZZZ","Insecta","Pterygota","Neoptera","ZZZ","Coleoptera","Adephaga","ZZZ","ZZZ","Dytiscidae","Hydroporinae","ZZZ","Hydroporini","ZZZ","ZZZ","Oreodytes","ZZZ","ZZZ","ZZZ","ZZZ","Dytiscidae","Family"
"885","Arthropoda","Hexapoda","ZZZ","Insecta","Pterygota","Neoptera","ZZZ","Coleoptera","Adephaga","ZZZ","ZZZ","Dytiscidae","Hydroporinae","ZZZ","Hydroporini","ZZZ","ZZZ","Oreodytes","ZZZ","ZZZ","ZZZ","ZZZ","Dytiscidae","Family"
"886","Arthropoda","Hexapoda","ZZZ","Insecta","Pterygota","Neoptera","ZZZ","Coleoptera","Adephaga","ZZZ","ZZZ","Dytiscidae","Hydroporinae","ZZZ","Hydroporini","ZZZ","ZZZ","Oreodytes","ZZZ","ZZZ","ZZZ","ZZZ","Dytiscidae","Family"
"888","Arthropoda","Chelicerata","ZZZ","Arachnida","Acari","ZZZ","Acariformes","Sarcoptiformes","Oribatida","ZZZ","ZZZ","ZZZ","ZZZ","ZZZ","ZZZ","ZZZ","ZZZ","ZZZ","ZZZ","ZZZ","ZZZ","ZZZ","Acari","Subclass"
"889","Arthropoda","Chelicerata","ZZZ","Arachnida","Acari","ZZZ","Acariformes","Sarcoptiformes","Oribatida","ZZZ","ZZZ","ZZZ","ZZZ","ZZZ","ZZZ","ZZZ","ZZZ","ZZZ","ZZZ","ZZZ","ZZZ","ZZZ","Acari","Subclass"
"907","Arthropoda","Chelicerata","ZZZ","Arachnida","Acari","ZZZ","Acariformes","Trombidiformes","Prostigmata","ZZZ","ZZZ","Oxidae","ZZZ","ZZZ","ZZZ","ZZZ","ZZZ","ZZZ","ZZZ","ZZZ","ZZZ","ZZZ","Acari","Subclass"
"908","Arthropoda","Chelicerata","ZZZ","Arachnida","Acari","ZZZ","Acariformes","Trombidiformes","Prostigmata","ZZZ","ZZZ","Oxidae","ZZZ","ZZZ","ZZZ","ZZZ","ZZZ","Oxus","ZZZ","ZZZ","ZZZ","ZZZ","Acari","Subclass"
"910","Arthropoda","Hexapoda","ZZZ","Insecta","Pterygota","Neoptera","ZZZ","Trichoptera","ZZZ","ZZZ","Hydroptiloidea","Hydroptilidae","Hydroptilinae","ZZZ","Hydroptilini","ZZZ","ZZZ","Oxyethira","ZZZ","ZZZ","ZZZ","ZZZ","Oxyethira","Genus"
"918","Arthropoda","Hexapoda","ZZZ","Insecta","Pterygota","Neoptera","ZZZ","Coleoptera","Polyphaga","Cucujiformia","Tenebrionoidea","Zopheridae","Colydiinae","ZZZ","ZZZ","ZZZ","ZZZ","Paha","ZZZ","ZZZ","ZZZ","ZZZ","Paha","Genus"
"919","Arthropoda","Hexapoda","ZZZ","Insecta","Pterygota","Neoptera","ZZZ","Trichoptera","ZZZ","ZZZ","Hydroptiloidea","Hydroptilidae","Ptilocolepinae","ZZZ","ZZZ","ZZZ","ZZZ","Palaeagapetus","ZZZ","ZZZ","nearcticus","ZZZ","Palaeagapetus","Genus"
"921","Mollusca","ZZZ","ZZZ","Bivalvia","Palaeoheterodonta","ZZZ","ZZZ","ZZZ","ZZZ","ZZZ","ZZZ","ZZZ","ZZZ","ZZZ","ZZZ","ZZZ","ZZZ","ZZZ","ZZZ","ZZZ","ZZZ","ZZZ","Palaeoheterodonta","Subclass"
"922","Arthropoda","Chelicerata","ZZZ","Arachnida","Acari","ZZZ","Acariformes","Trombidiformes","Prostigmata","ZZZ","ZZZ","Hydryphantidae","ZZZ","ZZZ","ZZZ","ZZZ","ZZZ","Panisopsis","ZZZ","ZZZ","ZZZ","ZZZ","Acari","Subclass"
"926","Arthropoda","Hexapoda","ZZZ","Insecta","Pterygota","ZZZ","ZZZ","Ephemeroptera","Pisciforma","ZZZ","ZZZ","Baetidae","ZZZ","ZZZ","ZZZ","ZZZ","ZZZ","Paracloeodes","ZZZ","ZZZ","ZZZ","ZZZ","Paracloeodes","Genus"
"938","Arthropoda","Chelicerata","ZZZ","Arachnida","Acari","ZZZ","Acariformes","Trombidiformes","Prostigmata","ZZZ","ZZZ","Mideopsidae","ZZZ","ZZZ","ZZZ","ZZZ","ZZZ","Paramideopsis","ZZZ","ZZZ","ZZZ","ZZZ","Acari","Subclass"
"950","Arthropoda","Chelicerata","ZZZ","Arachnida","ZZZ","ZZZ","ZZZ","Trombidiformes","Prostigmata","ZZZ","ZZZ","Hydryphantidae","ZZZ","ZZZ","ZZZ","ZZZ","ZZZ","Parathyas","ZZZ","ZZZ","ZZZ","ZZZ","Parathyas","Genus"
"953","Arthropoda","Hexapoda","ZZZ","Insecta","Pterygota","Neoptera","ZZZ","Trichoptera","ZZZ","ZZZ","Leptoceroidea","Odontoceridae","Odontocerinae","ZZZ","ZZZ","ZZZ","ZZZ","Parthina","ZZZ","ZZZ","ZZZ","ZZZ","Parthina","Genus"
"954","Arthropoda","Hexapoda","ZZZ","Insecta","Pterygota","Neoptera","ZZZ","Trichoptera","ZZZ","ZZZ","Leptoceroidea","Odontoceridae","Odontocerinae","ZZZ","ZZZ","ZZZ","ZZZ","Parthina","ZZZ","ZZZ","ZZZ","ZZZ","Parthina","Genus"
"955","Arthropoda","Chelicerata","ZZZ","Arachnida","Acari","ZZZ","Acariformes","Trombidiformes","Prostigmata","ZZZ","ZZZ","Hydryphantidae","ZZZ","ZZZ","ZZZ","ZZZ","ZZZ","Partnunia","ZZZ","ZZZ","ZZZ","ZZZ","Acari","Subclass"
"959","Arthropoda","Hexapoda","ZZZ","Insecta","Pterygota","Neoptera","ZZZ","Trichoptera","ZZZ","ZZZ","Limnephiloidea","Apataniidae","ZZZ","ZZZ","ZZZ","ZZZ","ZZZ","Pedomoecus","ZZZ","ZZZ","sierra","ZZZ","Pedomoecus","Genus"
"960","Arthropoda","Hexapoda","ZZZ","Insecta","Pterygota","Neoptera","ZZZ","Trichoptera","ZZZ","ZZZ","Limnephiloidea","Apataniidae","ZZZ","ZZZ","ZZZ","ZZZ","ZZZ","Pedomoecus","ZZZ","ZZZ","sierra","ZZZ","Pedomoecus","Genus"
"980","Arthropoda","Hexapoda","ZZZ","Insecta","Pterygota","Neoptera","ZZZ","Trichoptera","ZZZ","ZZZ","Philopotamoidea","ZZZ","ZZZ","ZZZ","ZZZ","ZZZ","ZZZ","ZZZ","ZZZ","ZZZ","ZZZ","ZZZ","Philopotamoidea","Superfamily"
"982","Arthropoda","Hexapoda","ZZZ","Insecta","Pterygota","Neoptera","ZZZ","Trichoptera","ZZZ","ZZZ","Phryganeoidea","Phryganeidae","ZZZ","ZZZ","ZZZ","ZZZ","ZZZ","ZZZ","ZZZ","ZZZ","ZZZ","ZZZ","Phryganeidae","Family"
"988","Arthropoda","Chelicerata","ZZZ","Arachnida","Acari","ZZZ","Acariformes","Trombidiformes","Prostigmata","ZZZ","ZZZ","Pionidae","ZZZ","ZZZ","ZZZ","ZZZ","ZZZ","Piona","ZZZ","ZZZ","ZZZ","ZZZ","Acari","Subclass"
"989","Arthropoda","Chelicerata","ZZZ","Arachnida","Acari","ZZZ","Acariformes","Trombidiformes","Prostigmata","ZZZ","ZZZ","Pionidae","ZZZ","ZZZ","ZZZ","ZZZ","ZZZ","ZZZ","ZZZ","ZZZ","ZZZ","ZZZ","Acari","Subclass"
"990","Arthropoda","Chelicerata","ZZZ","Arachnida","Acari","ZZZ","Acariformes","Trombidiformes","Prostigmata","ZZZ","ZZZ","Pionidae","ZZZ","ZZZ","ZZZ","ZZZ","ZZZ","ZZZ","ZZZ","ZZZ","ZZZ","ZZZ","Acari","Subclass"
"1000","Arthropoda","Chelicerata","ZZZ","Arachnida","Acari","ZZZ","Acariformes","Trombidiformes","Prostigmata","ZZZ","ZZZ","Athienemanniidae","ZZZ","ZZZ","ZZZ","ZZZ","ZZZ","Platyhydracarus","ZZZ","ZZZ","ZZZ","ZZZ","Acari","Subclass"
"1003","Arthropoda","Hexapoda","ZZZ","Insecta","Pterygota","Palaeoptera","ZZZ","Ephemeroptera","Pisciforma","ZZZ","ZZZ","Baetidae","ZZZ","ZZZ","ZZZ","ZZZ","ZZZ","Plauditus","ZZZ","ZZZ","ZZZ","ZZZ","Plauditus","Genus"
"1004","Arthropoda","Hexapoda","ZZZ","Insecta","Pterygota","Neoptera","ZZZ","Plecoptera","ZZZ","ZZZ","ZZZ","ZZZ","ZZZ","ZZZ","ZZZ","ZZZ","ZZZ","ZZZ","ZZZ","ZZZ","ZZZ","ZZZ","Plecoptera","Order"
"1011","Arthropoda","Hexapoda","ZZZ","Insecta","Pterygota","Neoptera","ZZZ","Trichoptera","ZZZ","ZZZ","Hydropsychoidea","Polycentropodidae","ZZZ","ZZZ","ZZZ","ZZZ","ZZZ","ZZZ","ZZZ","ZZZ","ZZZ","ZZZ","Polycentropodidae","Family"
"1012","Arthropoda","Hexapoda","ZZZ","Insecta","Pterygota","Neoptera","ZZZ","Trichoptera","ZZZ","ZZZ","Hydropsychoidea","Polycentropodidae","ZZZ","ZZZ","ZZZ","ZZZ","ZZZ","ZZZ","ZZZ","ZZZ","ZZZ","ZZZ","Polycentropodidae","Family"
"1013","Arthropoda","Hexapoda","ZZZ","Insecta","Pterygota","Neoptera","ZZZ","Trichoptera","ZZZ","ZZZ","Hydropsychoidea","Polycentropodidae","ZZZ","ZZZ","ZZZ","ZZZ","ZZZ","ZZZ","ZZZ","ZZZ","ZZZ","ZZZ","Polycentropodidae","Family"
"1014","Arthropoda","Hexapoda","ZZZ","Insecta","Pterygota","ZZZ","ZZZ","Trichoptera","Annulipalpia","ZZZ","Hydropsychoidea","Polycentropodidae","Polycentropodinae","ZZZ","ZZZ","ZZZ","ZZZ","Polycentropus","ZZZ","ZZZ","ZZZ","ZZZ","Polycentropus","Genus"
"1015","Arthropoda","Hexapoda","ZZZ","Insecta","Pterygota","Neoptera","ZZZ","Trichoptera","ZZZ","ZZZ","Hydropsychoidea","Polycentropodidae","Polycentropodinae","ZZZ","ZZZ","ZZZ","ZZZ","Polycentropus","ZZZ","ZZZ","ZZZ","ZZZ","Polycentropus","Genus"
"1016","Annelida","ZZZ","ZZZ","Polychaeta","ZZZ","ZZZ","ZZZ","ZZZ","ZZZ","ZZZ","ZZZ","ZZZ","ZZZ","ZZZ","ZZZ","ZZZ","ZZZ","ZZZ","ZZZ","ZZZ","ZZZ","ZZZ","Polychaeta","Class"
"1020","Porifera","ZZZ","ZZZ","ZZZ","ZZZ","ZZZ","ZZZ","ZZZ","ZZZ","ZZZ","ZZZ","ZZZ","ZZZ","ZZZ","ZZZ","ZZZ","ZZZ","ZZZ","ZZZ","ZZZ","ZZZ","ZZZ","Porifera","Phylum"
"1021","Arthropoda","Hexapoda","ZZZ","Insecta","Pterygota","Neoptera","ZZZ","Coleoptera","Polyphaga","Elateriformia","Byrrhoidea","Dryopidae","ZZZ","ZZZ","ZZZ","ZZZ","ZZZ","Postelichus","ZZZ","ZZZ","ZZZ","ZZZ","Postelichus","Genus"
"1032","Annelida","ZZZ","ZZZ","Polychaeta","Palpata","ZZZ","ZZZ","Aciculata","Phyllodocida","ZZZ","ZZZ","Syllidae","ZZZ","ZZZ","ZZZ","ZZZ","ZZZ","Procerastea","ZZZ","ZZZ","nematodes","ZZZ","Procerastea nematodes","Species"
"1043","Arthropoda","Chelicerata","ZZZ","Arachnida","Acari","ZZZ","Acariformes","Trombidiformes","Prostigmata","ZZZ","ZZZ","Protziidae","ZZZ","ZZZ","ZZZ","ZZZ","ZZZ","Protzia","ZZZ","ZZZ","ZZZ","ZZZ","Acari","Subclass"
"1044","Arthropoda","Chelicerata","ZZZ","Arachnida","Acari","ZZZ","Acariformes","Trombidiformes","Prostigmata","ZZZ","ZZZ","Protziidae","ZZZ","ZZZ","ZZZ","ZZZ","ZZZ","Protzia","ZZZ","ZZZ","ZZZ","ZZZ","Acari","Subclass"
"1053","Arthropoda","Chelicerata","ZZZ","Arachnida","Acari","ZZZ","Acariformes","Trombidiformes","Prostigmata","ZZZ","ZZZ","Pionidae","ZZZ","ZZZ","ZZZ","ZZZ","ZZZ","Pseudofeltria","ZZZ","ZZZ","ZZZ","ZZZ","Acari","Subclass"
"1068","Arthropoda","Hexapoda","ZZZ","Insecta","Pterygota","Neoptera","ZZZ","Trichoptera","ZZZ","ZZZ","Hydropsychoidea","Psychomyiidae","Psychomyiinae","ZZZ","ZZZ","ZZZ","ZZZ","Psychomyia","ZZZ","ZZZ","ZZZ","ZZZ","Psychomyia","Genus"
"1069","Arthropoda","Hexapoda","ZZZ","Insecta","Pterygota","Neoptera","ZZZ","Trichoptera","ZZZ","ZZZ","Hydropsychoidea","Psychomyiidae","Psychomyiinae","ZZZ","ZZZ","ZZZ","ZZZ","Psychomyia","ZZZ","ZZZ","ZZZ","ZZZ","Psychomyia","Genus"
"1070","Arthropoda","Hexapoda","ZZZ","Insecta","Pterygota","Neoptera","ZZZ","Trichoptera","ZZZ","ZZZ","Hydropsychoidea","Psychomyiidae","ZZZ","ZZZ","ZZZ","ZZZ","ZZZ","ZZZ","ZZZ","ZZZ","ZZZ","ZZZ","Psychomyiidae","Family"
"1071","Arthropoda","Hexapoda","ZZZ","Insecta","Pterygota","Neoptera","ZZZ","Plecoptera","Systellognatha","ZZZ","ZZZ","Pteronarcyidae","Pteronarcyinae","ZZZ","Pteronarcellini","ZZZ","ZZZ","Pteronarcella","ZZZ","ZZZ","ZZZ","ZZZ","Pteronarcella","Genus"
"1072","Arthropoda","Hexapoda","ZZZ","Insecta","Pterygota","Neoptera","ZZZ","Plecoptera","Systellognatha","ZZZ","ZZZ","Pteronarcyidae","Pteronarcyinae","ZZZ","Pteronarcellini","ZZZ","ZZZ","Pteronarcella","ZZZ","ZZZ","ZZZ","ZZZ","Pteronarcella","Genus"
"1073","Arthropoda","Hexapoda","ZZZ","Insecta","Pterygota","Neoptera","ZZZ","Plecoptera","Systellognatha","ZZZ","ZZZ","Pteronarcyidae","Pteronarcyinae","ZZZ","Pteronarcellini","ZZZ","ZZZ","Pteronarcella","ZZZ","ZZZ","ZZZ","ZZZ","Pteronarcella","Genus"
"1074","Arthropoda","Hexapoda","ZZZ","Insecta","Pterygota","Neoptera","ZZZ","Plecoptera","Systellognatha","ZZZ","ZZZ","Pteronarcyidae","ZZZ","ZZZ","ZZZ","ZZZ","ZZZ","ZZZ","ZZZ","ZZZ","ZZZ","ZZZ","Pteronarcyidae","Family"
"1075","Arthropoda","Hexapoda","ZZZ","Insecta","Pterygota","Neoptera","ZZZ","Plecoptera","Systellognatha","ZZZ","ZZZ","Pteronarcyidae","Pteronarcyinae","ZZZ","Pteronarcyini","ZZZ","ZZZ","Pteronarcys","ZZZ","ZZZ","ZZZ","ZZZ","Pteronarcys","Genus"
"1076","Arthropoda","Hexapoda","ZZZ","Insecta","Pterygota","Neoptera","ZZZ","Plecoptera","Systellognatha","ZZZ","ZZZ","Pteronarcyidae","Pteronarcyinae","ZZZ","Pteronarcyini","ZZZ","ZZZ","Pteronarcys","ZZZ","ZZZ","californica","ZZZ","Pteronarcys californica","Species"
"1077","Arthropoda","Hexapoda","ZZZ","Insecta","Pterygota","Neoptera","ZZZ","Plecoptera","Systellognatha","ZZZ","ZZZ","Pteronarcyidae","Pteronarcyinae","ZZZ","Pteronarcyini","ZZZ","ZZZ","Pteronarcys","ZZZ","ZZZ","dorsata","ZZZ","Pteronarcys dorsata","Species"
"1078","Arthropoda","Hexapoda","ZZZ","Insecta","Pterygota","Neoptera","ZZZ","Plecoptera","Systellognatha","ZZZ","ZZZ","Pteronarcyidae","Pteronarcyinae","ZZZ","Pteronarcyini","ZZZ","ZZZ","Pteronarcys","ZZZ","ZZZ","princeps","ZZZ","Pteronarcys princeps","Species"
"1079","Arthropoda","Hexapoda","ZZZ","Insecta","Pterygota","Neoptera","ZZZ","Coleoptera","Polyphaga","Elateriformia","Byrrhoidea","Ptilodactylidae","ZZZ","ZZZ","ZZZ","ZZZ","ZZZ","ZZZ","ZZZ","ZZZ","ZZZ","ZZZ","Ptilodactylidae","Family"
"1080","Arthropoda","Hexapoda","ZZZ","Insecta","Pterygota","Neoptera","ZZZ","Trichoptera","ZZZ","ZZZ","Phryganeoidea","Phryganeidae","Phryganeinae","ZZZ","ZZZ","ZZZ","ZZZ","Ptilostomis","ZZZ","ZZZ","ZZZ","ZZZ","Ptilostomis","Genus"
"1153","Arthropoda","Hexapoda","ZZZ","Insecta","Pterygota","Neoptera","ZZZ","Coleoptera","Adephaga","ZZZ","ZZZ","Dytiscidae","Hydroporinae","ZZZ","Hydroporini","ZZZ","ZZZ","Sanfilippodytes","ZZZ","ZZZ","ZZZ","ZZZ","Dytiscidae","Family"
"1159","Arthropoda","Hexapoda","ZZZ","Insecta","Pterygota","Neoptera","ZZZ","Coleoptera","Polyphaga","Elateriformia","Scirtoidea","Scirtidae","ZZZ","ZZZ","ZZZ","ZZZ","ZZZ","ZZZ","ZZZ","ZZZ","ZZZ","ZZZ","Scirtidae","Family"
"1160","Arthropoda","Hexapoda","ZZZ","Insecta","Pterygota","Neoptera","ZZZ","Coleoptera","Polyphaga","Elateriformia","Scirtoidea","Scirtidae","ZZZ","ZZZ","ZZZ","ZZZ","ZZZ","ZZZ","ZZZ","ZZZ","ZZZ","ZZZ","Scirtidae","Family"
"1161","Arthropoda","Hexapoda","ZZZ","Insecta","Pterygota","Neoptera","ZZZ","Coleoptera","Polyphaga","Elateriformia","Scirtoidea","Scirtidae","ZZZ","ZZZ","ZZZ","ZZZ","ZZZ","ZZZ","ZZZ","ZZZ","ZZZ","ZZZ","Scirtidae","Family"
"1190","Arthropoda","Hexapoda","ZZZ","Insecta","Pterygota","Neoptera","Neuropterida","Neuroptera","Hemerobiiformia","ZZZ","ZZZ","Sisyridae","ZZZ","ZZZ","ZZZ","ZZZ","ZZZ","ZZZ","ZZZ","ZZZ","ZZZ","ZZZ","Sisyridae","Family"
"1200","Arthropoda","Chelicerata","ZZZ","Arachnida","Acari","ZZZ","Acariformes","Trombidiformes","Prostigmata","ZZZ","ZZZ","Sperchontidae","ZZZ","ZZZ","ZZZ","ZZZ","ZZZ","Sperchon","ZZZ","ZZZ","ZZZ","ZZZ","Acari","Subclass"
"1201","Arthropoda","Chelicerata","ZZZ","Arachnida","Acari","ZZZ","Acariformes","Trombidiformes","Prostigmata","ZZZ","ZZZ","Sperchontidae","ZZZ","ZZZ","ZZZ","ZZZ","ZZZ","Sperchonopsis","ZZZ","ZZZ","ZZZ","ZZZ","Acari","Subclass"
"1202","Arthropoda","Chelicerata","ZZZ","Arachnida","Acari","ZZZ","Acariformes","Trombidiformes","Prostigmata","ZZZ","ZZZ","Sperchontidae","ZZZ","ZZZ","ZZZ","ZZZ","ZZZ","ZZZ","ZZZ","ZZZ","ZZZ","ZZZ","Acari","Subclass"
"1203","Arthropoda","Hexapoda","ZZZ","Insecta","Pterygota","Neoptera","ZZZ","Coleoptera","Polyphaga","Staphyliniformia","Hydrophiloidea","Hydrophilidae","Sphaeridiinae","ZZZ","ZZZ","ZZZ","ZZZ","ZZZ","ZZZ","ZZZ","ZZZ","ZZZ","Sphaeridiinae","Subfamily"
"1209","Annelida","ZZZ","ZZZ","Polychaeta","Palpata","ZZZ","ZZZ","Aciculata","Phyllodocida","ZZZ","ZZZ","Sphaerodoridae","ZZZ","ZZZ","ZZZ","ZZZ","ZZZ","ZZZ","ZZZ","ZZZ","ZZZ","ZZZ","Sphaerodoridae","Family"
"1224","Arthropoda","Chelicerata","ZZZ","Arachnida","Acari","ZZZ","Acariformes","Trombidiformes","Prostigmata","ZZZ","ZZZ","Momoniidae","ZZZ","ZZZ","ZZZ","ZZZ","ZZZ","Stygomomonia","ZZZ","ZZZ","ZZZ","ZZZ","Acari","Subclass"
"1254","Arthropoda","Chelicerata","ZZZ","Arachnida","Acari","ZZZ","Acariformes","Trombidiformes","Prostigmata","ZZZ","ZZZ","Hydryphantidae","ZZZ","ZZZ","ZZZ","ZZZ","ZZZ","Tartarothyas","ZZZ","ZZZ","ZZZ","ZZZ","Acari","Subclass"
"1256","Arthropoda","Chelicerata","ZZZ","Arachnida","Acari","ZZZ","Acariformes","Trombidiformes","Prostigmata","ZZZ","ZZZ","Torrenticolidae","ZZZ","ZZZ","ZZZ","ZZZ","ZZZ","Testudacarus","ZZZ","ZZZ","ZZZ","ZZZ","Acari","Subclass"
"1257","Arthropoda","Chelicerata","ZZZ","Arachnida","Acari","ZZZ","Acariformes","Trombidiformes","Prostigmata","ZZZ","ZZZ","Teutoniidae","ZZZ","ZZZ","ZZZ","ZZZ","ZZZ","Teutonia","ZZZ","ZZZ","ZZZ","ZZZ","Acari","Subclass"
"1271","Arthropoda","Hexapoda","ZZZ","Insecta","Pterygota","Neoptera","ZZZ","Trichoptera","ZZZ","ZZZ","Limnephiloidea","Thremmatidae","ZZZ","ZZZ","ZZZ","ZZZ","ZZZ","ZZZ","ZZZ","ZZZ","ZZZ","ZZZ","Thremmatidae","Family"
"1272","Arthropoda","Chelicerata","ZZZ","Arachnida","Acari","ZZZ","Acariformes","Trombidiformes","Prostigmata","ZZZ","ZZZ","Thyasidae","ZZZ","ZZZ","ZZZ","ZZZ","ZZZ","Thyas","ZZZ","ZZZ","ZZZ","ZZZ","Acari","Subclass"
"1273","Arthropoda","Chelicerata","ZZZ","Arachnida","Acari","ZZZ","Acariformes","Trombidiformes","Prostigmata","ZZZ","ZZZ","Thyasidae","ZZZ","ZZZ","ZZZ","ZZZ","ZZZ","Thyopsella","ZZZ","ZZZ","ZZZ","ZZZ","Acari","Subclass"
"1274","Arthropoda","Chelicerata","ZZZ","Arachnida","Acari","ZZZ","Acariformes","Trombidiformes","Prostigmata","ZZZ","ZZZ","Thyasidae","ZZZ","ZZZ","ZZZ","ZZZ","ZZZ","Thyopsis","ZZZ","ZZZ","ZZZ","ZZZ","Acari","Subclass"
"1287","Arthropoda","Chelicerata","ZZZ","Arachnida","Acari","ZZZ","Acariformes","Trombidiformes","Prostigmata","ZZZ","ZZZ","Torrenticolidae","ZZZ","ZZZ","ZZZ","ZZZ","ZZZ","Torrenticola","ZZZ","ZZZ","ZZZ","ZZZ","Acari","Subclass"
"1288","Arthropoda","Chelicerata","ZZZ","Arachnida","Acari","ZZZ","Acariformes","Trombidiformes","Prostigmata","ZZZ","ZZZ","Torrenticolidae","ZZZ","ZZZ","ZZZ","ZZZ","ZZZ","ZZZ","ZZZ","ZZZ","ZZZ","ZZZ","Acari","Subclass"
"1289","Platyhelminthes","Rhabditophora","ZZZ","Trepaxonemata","ZZZ","ZZZ","ZZZ","ZZZ","ZZZ","ZZZ","ZZZ","ZZZ","ZZZ","ZZZ","ZZZ","ZZZ","ZZZ","ZZZ","ZZZ","ZZZ","ZZZ","ZZZ","Trepaxonemata","Class"
"1290","Platyhelminthes","Rhabditophora","ZZZ","Trepaxonemata","ZZZ","ZZZ","ZZZ","ZZZ","ZZZ","ZZZ","ZZZ","ZZZ","ZZZ","ZZZ","ZZZ","ZZZ","ZZZ","ZZZ","ZZZ","ZZZ","ZZZ","ZZZ","Trepaxonemata","Class"
"1291","Platyhelminthes","Rhabditophora","ZZZ","Trepaxonemata","ZZZ","ZZZ","ZZZ","ZZZ","ZZZ","ZZZ","ZZZ","ZZZ","ZZZ","ZZZ","ZZZ","ZZZ","ZZZ","ZZZ","ZZZ","ZZZ","ZZZ","ZZZ","Trepaxonemata","Class"
"1292","Platyhelminthes","Rhabditophora","ZZZ","Trepaxonemata","ZZZ","ZZZ","ZZZ","ZZZ","ZZZ","ZZZ","ZZZ","ZZZ","ZZZ","ZZZ","ZZZ","ZZZ","ZZZ","ZZZ","ZZZ","ZZZ","ZZZ","ZZZ","Trepaxonemata","Class"
"1293","Platyhelminthes","Rhabditophora","ZZZ","Trepaxonemata","ZZZ","ZZZ","ZZZ","ZZZ","ZZZ","ZZZ","ZZZ","ZZZ","ZZZ","ZZZ","ZZZ","ZZZ","ZZZ","ZZZ","ZZZ","ZZZ","ZZZ","ZZZ","Trepaxonemata","Class"
"1300","Arthropoda","Hexapoda","ZZZ","Insecta","Pterygota","Neoptera","ZZZ","Trichoptera","ZZZ","ZZZ","ZZZ","ZZZ","ZZZ","ZZZ","ZZZ","ZZZ","ZZZ","ZZZ","ZZZ","ZZZ","ZZZ","ZZZ","Trichoptera","Order"
"1301","Arthropoda","Hexapoda","ZZZ","Insecta","Pterygota","Neoptera","ZZZ","Trichoptera","ZZZ","ZZZ","ZZZ","ZZZ","ZZZ","ZZZ","ZZZ","ZZZ","ZZZ","ZZZ","ZZZ","ZZZ","ZZZ","ZZZ","Trichoptera","Order"
"1302","Arthropoda","Hexapoda","ZZZ","Insecta","Pterygota","Neoptera","ZZZ","Trichoptera","ZZZ","ZZZ","ZZZ","ZZZ","ZZZ","ZZZ","ZZZ","ZZZ","ZZZ","ZZZ","ZZZ","ZZZ","ZZZ","ZZZ","Trichoptera","Order"
"1303","Arthropoda","Hexapoda","ZZZ","Insecta","Pterygota","Neoptera","ZZZ","Trichoptera","ZZZ","ZZZ","ZZZ","ZZZ","ZZZ","ZZZ","ZZZ","ZZZ","ZZZ","ZZZ","ZZZ","ZZZ","ZZZ","ZZZ","Trichoptera","Order"
"1308","Arthropoda","Chelicerata","ZZZ","Arachnida","Acari","ZZZ","Acariformes","Trombidiformes","ZZZ","ZZZ","ZZZ","ZZZ","ZZZ","ZZZ","ZZZ","ZZZ","ZZZ","ZZZ","ZZZ","ZZZ","ZZZ","ZZZ","Acari","Subclass"
"1329","Arthropoda","Chelicerata","ZZZ","Arachnida","Acari","ZZZ","Acariformes","Trombidiformes","Prostigmata","ZZZ","ZZZ","Limnesiidae","ZZZ","ZZZ","ZZZ","ZZZ","ZZZ","Tyrrellia","ZZZ","ZZZ","ZZZ","ZZZ","Acari","Subclass"
"1334","Arthropoda","Chelicerata","ZZZ","Arachnida","Acari","ZZZ","Acariformes","Trombidiformes","Prostigmata","ZZZ","ZZZ","Unionicolidae","ZZZ","ZZZ","ZZZ","ZZZ","ZZZ","Unionicola","ZZZ","ZZZ","ZZZ","ZZZ","Acari","Subclass"
"1335","Arthropoda","Chelicerata","ZZZ","Arachnida","Acari","ZZZ","Acariformes","Trombidiformes","Prostigmata","ZZZ","ZZZ","Unionicolidae","ZZZ","ZZZ","ZZZ","ZZZ","ZZZ","ZZZ","ZZZ","ZZZ","ZZZ","ZZZ","Acari","Subclass"
"1336","Mollusca","ZZZ","ZZZ","Bivalvia","Palaeoheterodonta","ZZZ","ZZZ","Unionoida","Unionoidea","ZZZ","ZZZ","ZZZ","ZZZ","ZZZ","ZZZ","ZZZ","ZZZ","ZZZ","ZZZ","ZZZ","ZZZ","ZZZ","Unionoidea","Suborder"
"1337","Mollusca","ZZZ","ZZZ","Bivalvia","Palaeoheterodonta","ZZZ","ZZZ","Unionoida","Unionoidea","ZZZ","ZZZ","ZZZ","ZZZ","ZZZ","ZZZ","ZZZ","ZZZ","ZZZ","ZZZ","ZZZ","ZZZ","ZZZ","Unionoidea","Suborder"
"1338","Mollusca","ZZZ","ZZZ","Bivalvia","Palaeoheterodonta","ZZZ","ZZZ","Unionoida","Unionoidea","ZZZ","ZZZ","ZZZ","ZZZ","ZZZ","ZZZ","ZZZ","ZZZ","ZZZ","ZZZ","ZZZ","ZZZ","ZZZ","Unionoidea","Suborder"
"1340","Arthropoda","Chelicerata","ZZZ","Arachnida","Acari","ZZZ","Acariformes","Trombidiformes","Prostigmata","ZZZ","ZZZ","Anisitsiellidae","ZZZ","ZZZ","ZZZ","ZZZ","ZZZ","Utaxatax","ZZZ","ZZZ","ZZZ","ZZZ","Acari","Subclass"
"1347","Arthropoda","Chelicerata","ZZZ","Arachnida","Acari","ZZZ","Acariformes","Trombidiformes","Prostigmata","ZZZ","ZZZ","Neoacaridae","ZZZ","ZZZ","ZZZ","ZZZ","ZZZ","Volsellacarus","ZZZ","ZZZ","ZZZ","ZZZ","Acari","Subclass"
"1349","Arthropoda","Chelicerata","ZZZ","Arachnida","Acari","ZZZ","Acariformes","Trombidiformes","Prostigmata","ZZZ","ZZZ","Protziidae","ZZZ","ZZZ","ZZZ","ZZZ","ZZZ","Wandesia","ZZZ","ZZZ","ZZZ","ZZZ","Acari","Subclass"
"1351","Arthropoda","Chelicerata","ZZZ","Arachnida","Acari","ZZZ","Acariformes","Trombidiformes","Prostigmata","ZZZ","ZZZ","Axonopsidae","ZZZ","ZZZ","ZZZ","ZZZ","ZZZ","Woolastookia","ZZZ","ZZZ","ZZZ","ZZZ","Acari","Subclass"
"1356","Arthropoda","Chelicerata","ZZZ","Arachnida","Acari","ZZZ","Acariformes","Trombidiformes","Prostigmata","ZZZ","ZZZ","Mideopsidae","ZZZ","ZZZ","ZZZ","ZZZ","ZZZ","Xystonotus","ZZZ","ZZZ","ZZZ","ZZZ","Acari","Subclass"
"1362","Arthropoda","Hexapoda","ZZZ","Insecta","Pterygota","ZZZ","ZZZ","Trichoptera","Integripalpia","ZZZ","Phryganeoidea","Phryganeidae","Yphriinae","ZZZ","ZZZ","ZZZ","ZZZ","Yphria","ZZZ","ZZZ","ZZZ","ZZZ","Yphria","Genus"
"1378","Arthropoda","Hexapoda","ZZZ","Insecta","Pterygota","Palaeoptera","ZZZ","Odonata","Zygoptera","ZZZ","ZZZ","ZZZ","ZZZ","ZZZ","ZZZ","ZZZ","ZZZ","ZZZ","ZZZ","ZZZ","ZZZ","ZZZ","Zygoptera","Suborder"
